"Name","desc"
"1.2.3.16_0_0	1.0973112635190982","VAEQE"
"1.2.3.16_0_1	1.0973112635190982","VAEQE"
"1.2.3.16_0_10	1.0973112635190982","VAEQE"
"1.2.3.16_0_100	1.0421359349553387","VAEQE"
"1.2.3.16_0_101	1.0421359349553387","VAEQE"
"1.2.3.16_0_102	1.0421359349553387","VAEQE"
"1.2.3.16_0_103	1.0421359349553387","VAEQE"
"1.2.3.16_0_104	1.0421359349553387","VAEQE"
"1.2.3.16_0_105	1.0421359349553387","VAEQE"
"1.2.3.16_0_106	1.0421359349553387","VAEQE"
"1.2.3.16_0_107	1.0421359349553387","VAEQE"
"1.2.3.16_0_108	1.0421359349553387","VAEQE"
"1.2.3.16_0_109	1.0421359349553387","VAEQE"
"1.2.3.16_0_11	1.0973112635190982","VAEQE"
"1.2.3.16_0_110	1.0421359349553387","VAEQE"
"1.2.3.16_0_111	1.0421359349553387","VAEQE"
"1.2.3.16_0_112	1.0421359349553387","VAEQE"
"1.2.3.16_0_113	1.0421359349553387","VAEQE"
"1.2.3.16_0_114	1.0421359349553387","VAEQE"
"1.2.3.16_0_115	1.0421359349553387","VAEQE"
"1.2.3.16_0_116	1.0421359349553387","VAEQE"
"1.2.3.16_0_117	1.0421359349553387","VAEQE"
"1.2.3.16_0_118	1.0421359349553387","VAEQE"
"1.2.3.16_0_119	1.0421359349553387","VAEQE"
"1.2.3.16_0_12	1.0973112635190982","VAEQE"
"1.2.3.16_0_120	1.0925733748067068","RPF"
"1.2.3.16_0_121	1.0925733748067068","RPF"
"1.2.3.16_0_122	1.0925733748067068","RPF"
"1.2.3.16_0_123	1.0925733748067068","RPF"
"1.2.3.16_0_124	1.0925733748067068","RPF"
"1.2.3.16_0_125	1.0925733748067068","RPF"
"1.2.3.16_0_126	1.0925733748067068","RPF"
"1.2.3.16_0_127	1.0925733748067068","RPF"
"1.2.3.16_0_128	1.0925733748067068","RPF"
"1.2.3.16_0_129	1.0925733748067068","RPF"
"1.2.3.16_0_13	1.0973112635190982","VAEQE"
"1.2.3.16_0_130	1.0925733748067068","RPF"
"1.2.3.16_0_131	1.0925733748067068","RPF"
"1.2.3.16_0_132	1.0925733748067068","RPF"
"1.2.3.16_0_133	1.0925733748067068","RPF"
"1.2.3.16_0_134	1.0925733748067068","RPF"
"1.2.3.16_0_135	1.0925733748067068","RPF"
"1.2.3.16_0_136	1.0925733748067068","RPF"
"1.2.3.16_0_137	1.0925733748067068","RPF"
"1.2.3.16_0_138	1.1119246973830175","IAEQE"
"1.2.3.16_0_139	1.1119246973830175","IAEQE"
"1.2.3.16_0_14	1.0973112635190982","VAEQE"
"1.2.3.16_0_140	1.1119246973830175","IAEQE"
"1.2.3.16_0_141	1.1119246973830175","IAEQE"
"1.2.3.16_0_142	1.1119246973830175","IAEQE"
"1.2.3.16_0_143	1.1119246973830175","IAEQE"
"1.2.3.16_0_144	1.1119246973830175","IAEQE"
"1.2.3.16_0_145	1.1119246973830175","IAEQE"
"1.2.3.16_0_146	1.1229874930778847","YPFPGPIPNS"
"1.2.3.16_0_147	1.1229874930778847","YPFPGPIPNS"
"1.2.3.16_0_148	1.1229874930778847","YPFPGPIPNS"
"1.2.3.16_0_149	1.1229874930778847","YPFPGPIPNS"
"1.2.3.16_0_15	1.0973112635190982","VAEQE"
"1.2.3.16_0_150	1.1229874930778847","YPFPGPIPNS"
"1.2.3.16_0_151	1.1229874930778847","YPFPGPIPNS"
"1.2.3.16_0_152	1.1229874930778847","YPFPGPIPNS"
"1.2.3.16_0_153	1.1398121043950071","RGPPGGGFF"
"1.2.3.16_0_154	1.145777697007056","IP"
"1.2.3.16_0_155	1.145777697007056","IP"
"1.2.3.16_0_156	1.145777697007056","IP"
"1.2.3.16_0_157	1.1506682681219742","LPF"
"1.2.3.16_0_158	1.1506682681219742","LPF"
"1.2.3.16_0_159	1.1506682681219742","LPF"
"1.2.3.16_0_16	1.0973112635190982","VAEQE"
"1.2.3.16_0_160	1.15393702492011","IA"
"1.2.3.16_0_161	1.1593442766918423","KPF"
"1.2.3.16_0_162	1.1593442766918423","KPF"
"1.2.3.16_0_163	1.1662394117632184","TPF"
"1.2.3.16_0_164	1.1662394117632184","TPF"
"1.2.3.16_0_165	1.167529283185422","QPF"
"1.2.3.16_0_166	1.1740167253949276","TAEQE"
"1.2.3.16_0_167	1.1759679701233554","IE"
"1.2.3.16_0_168	1.177551475854417","GPPGGFF"
"1.2.3.16_0_169	1.179089832562916","LAEQE"
"1.2.3.16_0_17	1.0973112635190982","VAEQE"
"1.2.3.16_0_170	1.179089832562916","LAEQE"
"1.2.3.16_0_171	1.1793925289171248","RGPPGGFF"
"1.2.3.16_0_172	1.1793925289171248","RGPPGGFF"
"1.2.3.16_0_173	1.1793925289171248","RGPPGGFF"
"1.2.3.16_0_174	1.1793925289171248","RGPPGGFF"
"1.2.3.16_0_175	1.186271098764724","AAEQE"
"1.2.3.16_0_176	1.2112626643041935","IDEE"
"1.2.3.16_0_177	1.2116758633670046","QE"
"1.2.3.16_0_178	1.2158254339451153","VAEQ"
"1.2.3.16_0_179	1.2158254339451153","VAEQ"
"1.2.3.16_0_18	1.0973112635190982","VAEQE"
"1.2.3.16_0_180	1.2172389807645045","VL"
"1.2.3.16_0_181	1.2353071090680214","RDPQP"
"1.2.3.16_0_182	1.2375341587847348","KGPPGGFF"
"1.2.3.16_0_183	1.2375821055230853","VE"
"1.2.3.16_0_184	1.2384382858467737","IW"
"1.2.3.16_0_185	1.2389610920362624","IYPFPGPIPNS"
"1.2.3.16_0_186	1.2497320827851792","QGPPGGFF"
"1.2.3.16_0_187	1.2575753060197425","LAE"
"1.2.3.16_0_188	1.2625469454169167","RP"
"1.2.3.16_0_189	1.2641511865927368","DAESQ"
"1.2.3.16_0_19	1.2204325788869836","RPF"
"1.2.3.16_0_190	1.2666254002552664","QGLGGAG"
"1.2.3.16_0_191	1.2743086424830803","TAEQ"
"1.2.3.16_0_192	1.2778743599197246","GDGFLV"
"1.2.3.16_0_193	1.3072646298706168","TGPPGGFF"
"1.2.3.16_0_194	1.317732980762093","IGPA"
"1.2.3.16_0_195	1.4616526858830976","RDPQYL"
"1.2.3.16_0_196	1.5197259870654836","FEPFWGF"
"1.2.3.16_0_197	1.9493542645100959","QDPDTNEWH"
"1.2.3.16_0_198	4.560633495435596","MTGMSKTGNCRIGFNILLGQ"
"1.2.3.16_0_2	1.0973112635190982","VAEQE"
"1.2.3.16_0_20	1.2204325788869836","RPF"
"1.2.3.16_0_21	1.2204325788869836","RPF"
"1.2.3.16_0_22	1.2204325788869836","RPF"
"1.2.3.16_0_23	1.2696079706222443","IAEQE"
"1.2.3.16_0_24	1.2696079706222443","IAEQE"
"1.2.3.16_0_25	1.2696079706222443","IAEQE"
"1.2.3.16_0_26	1.2696079706222443","IAEQE"
"1.2.3.16_0_27	1.3582376949664001","IP"
"1.2.3.16_0_28	1.3582376949664001","IP"
"1.2.3.16_0_29	1.3800974390857357","IA"
"1.2.3.16_0_3	1.0973112635190982","VAEQE"
"1.2.3.16_0_30	1.4172359360913687","GGLGG"
"1.2.3.16_0_31	1.444458171185877","GPPGGFF"
"1.2.3.16_0_32	1.4495436484381805","RGPPGGFF"
"1.2.3.16_0_33	1.4658448641660895","LP"
"1.2.3.16_0_34	1.5749408750980276","SALPQE"
"1.2.3.16_0_35	1.653815359397662","EL"
"1.2.3.16_0_36	2.0674586495836893","GFL"
"1.2.3.16_0_37	2.3776094328290927","EDEN"
"1.2.3.16_0_38	1.0421359349553387","VAEQE"
"1.2.3.16_0_39	1.0421359349553387","VAEQE"
"1.2.3.16_0_4	1.0973112635190982","VAEQE"
"1.2.3.16_0_40	1.0421359349553387","VAEQE"
"1.2.3.16_0_41	1.0421359349553387","VAEQE"
"1.2.3.16_0_42	1.0421359349553387","VAEQE"
"1.2.3.16_0_43	1.0421359349553387","VAEQE"
"1.2.3.16_0_44	1.0421359349553387","VAEQE"
"1.2.3.16_0_45	1.0421359349553387","VAEQE"
"1.2.3.16_0_46	1.0421359349553387","VAEQE"
"1.2.3.16_0_47	1.0421359349553387","VAEQE"
"1.2.3.16_0_48	1.0421359349553387","VAEQE"
"1.2.3.16_0_49	1.0421359349553387","VAEQE"
"1.2.3.16_0_5	1.0973112635190982","VAEQE"
"1.2.3.16_0_50	1.0421359349553387","VAEQE"
"1.2.3.16_0_51	1.0421359349553387","VAEQE"
"1.2.3.16_0_52	1.0421359349553387","VAEQE"
"1.2.3.16_0_53	1.0421359349553387","VAEQE"
"1.2.3.16_0_54	1.0421359349553387","VAEQE"
"1.2.3.16_0_55	1.0421359349553387","VAEQE"
"1.2.3.16_0_56	1.0421359349553387","VAEQE"
"1.2.3.16_0_57	1.0421359349553387","VAEQE"
"1.2.3.16_0_58	1.0421359349553387","VAEQE"
"1.2.3.16_0_59	1.0421359349553387","VAEQE"
"1.2.3.16_0_6	1.0973112635190982","VAEQE"
"1.2.3.16_0_60	1.0421359349553387","VAEQE"
"1.2.3.16_0_61	1.0421359349553387","VAEQE"
"1.2.3.16_0_62	1.0421359349553387","VAEQE"
"1.2.3.16_0_63	1.0421359349553387","VAEQE"
"1.2.3.16_0_64	1.0421359349553387","VAEQE"
"1.2.3.16_0_65	1.0421359349553387","VAEQE"
"1.2.3.16_0_66	1.0421359349553387","VAEQE"
"1.2.3.16_0_67	1.0421359349553387","VAEQE"
"1.2.3.16_0_68	1.0421359349553387","VAEQE"
"1.2.3.16_0_69	1.0421359349553387","VAEQE"
"1.2.3.16_0_7	1.0973112635190982","VAEQE"
"1.2.3.16_0_70	1.0421359349553387","VAEQE"
"1.2.3.16_0_71	1.0421359349553387","VAEQE"
"1.2.3.16_0_72	1.0421359349553387","VAEQE"
"1.2.3.16_0_73	1.0421359349553387","VAEQE"
"1.2.3.16_0_74	1.0421359349553387","VAEQE"
"1.2.3.16_0_75	1.0421359349553387","VAEQE"
"1.2.3.16_0_76	1.0421359349553387","VAEQE"
"1.2.3.16_0_77	1.0421359349553387","VAEQE"
"1.2.3.16_0_78	1.0421359349553387","VAEQE"
"1.2.3.16_0_79	1.0421359349553387","VAEQE"
"1.2.3.16_0_8	1.0973112635190982","VAEQE"
"1.2.3.16_0_80	1.0421359349553387","VAEQE"
"1.2.3.16_0_81	1.0421359349553387","VAEQE"
"1.2.3.16_0_82	1.0421359349553387","VAEQE"
"1.2.3.16_0_83	1.0421359349553387","VAEQE"
"1.2.3.16_0_84	1.0421359349553387","VAEQE"
"1.2.3.16_0_85	1.0421359349553387","VAEQE"
"1.2.3.16_0_86	1.0421359349553387","VAEQE"
"1.2.3.16_0_87	1.0421359349553387","VAEQE"
"1.2.3.16_0_88	1.0421359349553387","VAEQE"
"1.2.3.16_0_89	1.0421359349553387","VAEQE"
"1.2.3.16_0_9	1.0973112635190982","VAEQE"
"1.2.3.16_0_90	1.0421359349553387","VAEQE"
"1.2.3.16_0_91	1.0421359349553387","VAEQE"
"1.2.3.16_0_92	1.0421359349553387","VAEQE"
"1.2.3.16_0_93	1.0421359349553387","VAEQE"
"1.2.3.16_0_94	1.0421359349553387","VAEQE"
"1.2.3.16_0_95	1.0421359349553387","VAEQE"
"1.2.3.16_0_96	1.0421359349553387","VAEQE"
"1.2.3.16_0_97	1.0421359349553387","VAEQE"
"1.2.3.16_0_98	1.0421359349553387","VAEQE"
"1.2.3.16_0_99	1.0421359349553387","VAEQE"
"1.2.3.16_100_0	1.0638651059016424","VAEQE"
"1.2.3.16_100_1	1.0638651059016424","VAEQE"
"1.2.3.16_100_2	1.0638651059016424","VAEQE"
"1.2.3.16_100_3	1.0638651059016424","VAEQE"
"1.2.3.16_101_0	1.3042227087179827","RPF"
"1.2.3.16_101_1	1.5041846902128513","IP"
"1.2.3.16_101_2	1.5235280082929235","LPF"
"1.2.3.16_102_0	1.0973112635190982","VAEQE"
"1.2.3.16_102_1	1.0973112635190982","VAEQE"
"1.2.3.16_102_2	1.0973112635190982","VAEQE"
"1.2.3.16_102_3	1.6188198247931187","PD"
"1.2.3.16_103_0	1.3042227087179827","RPF"
"1.2.3.16_103_1	1.7865627746126589","RAPF"
"1.2.3.16_103_2	1.8378228956266536","PAE"
"1.2.3.16_104_0	1.3042227087179827","RPF"
"1.2.3.16_105_0	1.0880866807967235","VAEQE"
"1.2.3.16_105_1	1.0880866807967235","VAEQE"
"1.2.3.16_105_2	1.4535182389855268","LGL"
"1.2.3.16_105_3	1.4914207991075572","VAEQ"
"1.2.3.16_106_0	1.3042227087179827","RPF"
"1.2.3.16_106_1	1.3042227087179827","RPF"
"1.2.3.16_107_0	1.0880866807967235","VAEQE"
"1.2.3.16_107_1	1.0880866807967235","VAEQE"
"1.2.3.16_107_2	1.2677673690802649","YPFPGPIPNS"
"1.2.3.16_107_3	1.4336662946067775","GL"
"1.2.3.16_108_0	1.3042227087179827","RPF"
"1.2.3.16_108_1	1.5582502864160026","KPF"
"1.2.3.16_109_0	1.3042227087179827","RPF"
"1.2.3.16_10_0	1.5862191667015708","TPF"
"1.2.3.16_10_1	1.8485756195895628","VPL"
"1.2.3.16_110_0	1.0973112635190982","VAEQE"
"1.2.3.16_110_1	1.0973112635190982","VAEQE"
"1.2.3.16_110_2	1.2204325788869836","RPF"
"1.2.3.16_110_3	1.444458171185877","GPPGGFF"
"1.2.3.16_111_0	1.0973112635190982","VAEQE"
"1.2.3.16_111_1	1.0973112635190982","VAEQE"
"1.2.3.16_111_2	1.2696079706222443","IAEQE"
"1.2.3.16_111_3	1.3423780206989646","RGPPGGGFF"
"1.2.3.16_112_0	1.0973112635190982","VAEQE"
"1.2.3.16_112_1	1.0973112635190982","VAEQE"
"1.2.3.16_112_2	1.2696079706222443","IAEQE"
"1.2.3.16_112_3	1.6542303139457253","VAEQD"
"1.2.3.16_113_0	1.0973112635190982","VAEQE"
"1.2.3.16_113_1	1.0973112635190982","VAEQE"
"1.2.3.16_113_2	1.0973112635190982","VAEQE"
"1.2.3.16_113_3	1.2204325788869836","RPF"
"1.2.3.16_114_0	1.897478910555854","VGE"
"1.2.3.16_115_0	1.3042227087179827","RPF"
"1.2.3.16_115_1	1.5914880136252392","QPF"
"1.2.3.16_116_0	1.0661386471941188","VAEQE"
"1.2.3.16_116_1	1.2251507227857439","RGPPGGGFF"
"1.2.3.16_116_2	1.297140123709312","SPF"
"1.2.3.16_116_3	1.3179724408714384","IGE"
"1.2.3.16_117_0	1.1086920113729721","VAEQE"
"1.2.3.16_117_1	1.303732470137968","IAEQE"
"1.2.3.16_117_2	1.6191975275019412","VV"
"1.2.3.16_117_3	1.9320460828958028","ALEQ"
"1.2.3.16_118_0	1.9586945891836236","LD"
"1.2.3.16_119_0	1.3042227087179827","RPF"
"1.2.3.16_119_1	1.5041846902128513","IP"
"1.2.3.16_119_2	1.5041846902128513","IP"
"1.2.3.16_119_3	1.895492809076826","VE"
"1.2.3.16_11_0	1.1086920113729721","VAEQE"
"1.2.3.16_11_1	1.1086920113729721","VAEQE"
"1.2.3.16_11_2	1.1086920113729721","VAEQE"
"1.2.3.16_11_3	1.6039213558809","ID"
"1.2.3.16_120_0	1.0973112635190982","VAEQE"
"1.2.3.16_120_1	1.0973112635190982","VAEQE"
"1.2.3.16_120_2	1.0973112635190982","VAEQE"
"1.2.3.16_120_3	1.3800974390857357","IA"
"1.2.3.16_121_0	1.1086920113729721","VAEQE"
"1.2.3.16_121_1	1.1086920113729721","VAEQE"
"1.2.3.16_121_2	1.1086920113729721","VAEQE"
"1.2.3.16_121_3	1.2477467009609804","RPF"
"1.2.3.16_122_0	1.123084042989081","VAEQE"
"1.2.3.16_122_1	1.123084042989081","VAEQE"
"1.2.3.16_122_2	1.2827506319546937","RPF"
"1.2.3.16_122_3	1.2827506319546937","RPF"
"1.2.3.16_123_0	1.1154416263529163","VAEQE"
"1.2.3.16_123_1	1.264098537378041","RPF"
"1.2.3.16_123_2	1.5358221243423238","IE"
"1.2.3.16_124_0	1.3042227087179827","RPF"
"1.2.3.16_125_0	1.3042227087179827","RPF"
"1.2.3.16_125_1	1.3042227087179827","RPF"
"1.2.3.16_125_2	1.5235280082929235","LPF"
"1.2.3.16_125_3	1.9916259652845978","FE"
"1.2.3.16_126_0	1.0973112635190982","VAEQE"
"1.2.3.16_126_1	1.0973112635190982","VAEQE"
"1.2.3.16_126_2	1.5612522357664749","TEEQ"
"1.2.3.16_126_3	1.6087689535670417","RDPQP"
"1.2.3.16_127_0	1.5365487745505282","IA"
"1.2.3.16_127_1	1.8990142788127526","IQ"
"1.2.3.16_128_0	1.3042227087179827","RPF"
"1.2.3.16_129_0	1.3042227087179827","RPF"
"1.2.3.16_129_1	1.5914880136252392","QPF"
"1.2.3.16_129_2	1.6217272393244888","LPL"
"1.2.3.16_12_0	1.3042227087179827","RPF"
"1.2.3.16_12_1	1.6286867972867178","AAE"
"1.2.3.16_130_0	1.1086920113729721","VAEQE"
"1.2.3.16_130_1	1.1086920113729721","VAEQE"
"1.2.3.16_130_2	1.1086920113729721","VAEQE"
"1.2.3.16_130_3	1.5047001683005135","GPPGGFF"
"1.2.3.16_131_0	1.3042227087179827","RPF"
"1.2.3.16_131_1	1.696122882116111","GL"
"1.2.3.16_132_0	1.0973112635190982","VAEQE"
"1.2.3.16_132_1	1.0973112635190982","VAEQE"
"1.2.3.16_132_2	1.0973112635190982","VAEQE"
"1.2.3.16_132_3	1.3800974390857357","IA"
"1.2.3.16_133_0	1.8073855160892958","PL"
"1.2.3.16_135_0	1.1086920113729721","VAEQE"
"1.2.3.16_135_1	1.2477467009609804","RPF"
"1.2.3.16_135_2	1.303732470137968","IAEQE"
"1.2.3.16_135_3	1.9864643811986797","GPW"
"1.2.3.16_136_0	1.1086920113729721","VAEQE"
"1.2.3.16_136_1	1.2477467009609804","RPF"
"1.2.3.16_136_2	1.303732470137968","IAEQE"
"1.2.3.16_136_3	1.4052411817445385","IP"
"1.2.3.16_137_0	1.3042227087179827","RPF"
"1.2.3.16_137_1	1.696122882116111","GL"
"1.2.3.16_138_0	1.0973112635190982","VAEQE"
"1.2.3.16_138_1	1.0973112635190982","VAEQE"
"1.2.3.16_138_2	1.0973112635190982","VAEQE"
"1.2.3.16_138_3	1.2696079706222443","IAEQE"
"1.2.3.16_139_0	1.0973112635190982","VAEQE"
"1.2.3.16_139_1	1.0973112635190982","VAEQE"
"1.2.3.16_139_2	1.2696079706222443","IAEQE"
"1.2.3.16_139_3	1.7495981520161092","RK"
"1.2.3.16_13_0	1.651712809183505","IL"
"1.2.3.16_13_1	1.850805980118223","AEE"
"1.2.3.16_140_0	1.102687506814272","VAEQE"
"1.2.3.16_140_1	1.102687506814272","VAEQE"
"1.2.3.16_140_2	1.102687506814272","VAEQE"
"1.2.3.16_140_3	1.2332955009122395","RPF"
"1.2.3.16_141_0	1.3042227087179827","RPF"
"1.2.3.16_141_1	1.3042227087179827","RPF"
"1.2.3.16_141_2	2.069300527819815","TAEQ"
"1.2.3.16_142_0	1.3042227087179827","RPF"
"1.2.3.16_142_1	1.3042227087179827","RPF"
"1.2.3.16_143_0	1.0973112635190982","VAEQE"
"1.2.3.16_143_1	1.0973112635190982","VAEQE"
"1.2.3.16_143_2	1.0973112635190982","VAEQE"
"1.2.3.16_143_3	2.1429030888950575","QDRPHSGFL"
"1.2.3.16_144_0	1.3042227087179827","RPF"
"1.2.3.16_144_1	1.6262465022399144","IE"
"1.2.3.16_145_0	1.0973112635190982","VAEQE"
"1.2.3.16_145_1	1.0973112635190982","VAEQE"
"1.2.3.16_145_2	1.0973112635190982","VAEQE"
"1.2.3.16_145_3	1.865257880502177","GE"
"1.2.3.16_146_0	1.0924696315325884","VAEQE"
"1.2.3.16_146_1	1.0924696315325884","VAEQE"
"1.2.3.16_146_2	1.0924696315325884","VAEQE"
"1.2.3.16_146_3	1.4584716514784584","GL"
"1.2.3.16_147_0	1.0973112635190982","VAEQE"
"1.2.3.16_147_1	1.0973112635190982","VAEQE"
"1.2.3.16_147_2	1.0973112635190982","VAEQE"
"1.2.3.16_147_3	1.2204325788869836","RPF"
"1.2.3.16_148_0	1.5914880136252392","QPF"
"1.2.3.16_149_0	1.0973112635190982","VAEQE"
"1.2.3.16_149_1	1.2204325788869836","RPF"
"1.2.3.16_149_2	1.2696079706222443","IAEQE"
"1.2.3.16_149_3	1.3423780206989646","RGPPGGGFF"
"1.2.3.16_150_0	1.5235280082929235","LPF"
"1.2.3.16_151_0	1.0973112635190982","VAEQE"
"1.2.3.16_151_1	1.0973112635190982","VAEQE"
"1.2.3.16_151_2	1.2204325788869836","RPF"
"1.2.3.16_151_3	1.733990104946416","FEE"
"1.2.3.16_152_0	1.3042227087179827","RPF"
"1.2.3.16_152_1	1.8262884588136923","LA"
"1.2.3.16_153_0	1.5041846902128513","IP"
"1.2.3.16_153_1	1.620335655405745","HPF"
"1.2.3.16_154_0	1.3042227087179827","RPF"
"1.2.3.16_154_1	1.3042227087179827","RPF"
"1.2.3.16_155_0	1.5235280082929235","LPF"
"1.2.3.16_156_0	1.1154416263529163","VAEQE"
"1.2.3.16_156_1	1.1154416263529163","VAEQE"
"1.2.3.16_156_2	1.6643414412490294","GAL"
"1.2.3.16_156_3	1.710838921566136","PAE"
"1.2.3.16_157_0	1.0421359349553387","VAEQE"
"1.2.3.16_157_1	1.0421359349553387","VAEQE"
"1.2.3.16_157_2	1.1229874930778847","YPFPGPIPNS"
"1.2.3.16_157_3	1.1506682681219742","LPF"
"1.2.3.16_158_0	1.3042227087179827","RPF"
"1.2.3.16_158_1	1.8077256471905703","TDEE"
"1.2.3.16_159_0	2.083122941093612","AAL"
"1.2.3.16_15_0	1.0973112635190982","VAEQE"
"1.2.3.16_15_1	1.0973112635190982","VAEQE"
"1.2.3.16_15_2	1.0973112635190982","VAEQE"
"1.2.3.16_15_3	1.2204325788869836","RPF"
"1.2.3.16_160_0	1.5041846902128513","IP"
"1.2.3.16_161_0	1.1154416263529163","VAEQE"
"1.2.3.16_161_1	1.1154416263529163","VAEQE"
"1.2.3.16_161_2	1.1154416263529163","VAEQE"
"1.2.3.16_162_0	1.0973112635190982","VAEQE"
"1.2.3.16_162_1	1.0973112635190982","VAEQE"
"1.2.3.16_162_2	1.0973112635190982","VAEQE"
"1.2.3.16_163_0	1.1086920113729721","VAEQE"
"1.2.3.16_163_1	1.4052411817445385","IP"
"1.2.3.16_163_2	1.4052411817445385","IP"
"1.2.3.16_163_3	1.5481116814981153","PPF"
"1.2.3.16_164_0	1.0973112635190982","VAEQE"
"1.2.3.16_164_1	1.0973112635190982","VAEQE"
"1.2.3.16_164_2	1.0973112635190982","VAEQE"
"1.2.3.16_164_3	1.0973112635190982","VAEQE"
"1.2.3.16_166_0	1.123084042989081","VAEQE"
"1.2.3.16_166_1	1.123084042989081","VAEQE"
"1.2.3.16_166_2	1.2827506319546937","RPF"
"1.2.3.16_166_3	2.705519256644591","GPAFI"
"1.2.3.16_167_0	1.123084042989081","VAEQE"
"1.2.3.16_167_1	1.123084042989081","VAEQE"
"1.2.3.16_167_2	1.123084042989081","VAEQE"
"1.2.3.16_167_3	1.2827506319546937","RPF"
"1.2.3.16_168_0	1.3042227087179827","RPF"
"1.2.3.16_168_1	1.696122882116111","GL"
"1.2.3.16_169_0	1.3042227087179827","RPF"
"1.2.3.16_169_1	1.5235280082929235","LPF"
"1.2.3.16_16_0	1.1086920113729721","VAEQE"
"1.2.3.16_16_1	1.1086920113729721","VAEQE"
"1.2.3.16_16_2	1.303732470137968","IAEQE"
"1.2.3.16_16_3	1.667116262720586","IDE"
"1.2.3.16_170_0	1.0973112635190982","VAEQE"
"1.2.3.16_170_1	1.540350556768417","QE"
"1.2.3.16_170_2	1.8579935705756607","PAEG"
"1.2.3.16_170_3	1.923700053963097","TE"
"1.2.3.16_171_0	1.1086920113729721","VAEQE"
"1.2.3.16_171_1	1.1086920113729721","VAEQE"
"1.2.3.16_171_2	1.1086920113729721","VAEQE"
"1.2.3.16_171_3	1.1086920113729721","VAEQE"
"1.2.3.16_172_0	1.3042227087179827","RPF"
"1.2.3.16_172_1	2.186662238845619","EVE"
"1.2.3.16_173_0	1.8994498841609537","DAE"
"1.2.3.16_174_0	1.013750029391787","VAEQE"
"1.2.3.16_174_1	1.0460568423657335","IP"
"1.2.3.16_174_2	1.0475320853161294","LPF"
"1.2.3.16_174_3	1.0750470650364004","FGG"
"1.2.3.16_176_0	1.1086920113729721","VAEQE"
"1.2.3.16_176_1	1.1086920113729721","VAEQE"
"1.2.3.16_176_2	1.5206682488402303","SPF"
"1.2.3.16_176_3	3.053701512621209","RAXPQ"
"1.2.3.16_177_0	1.0973112635190982","VAEQE"
"1.2.3.16_177_1	1.0973112635190982","VAEQE"
"1.2.3.16_177_2	1.0973112635190982","VAEQE"
"1.2.3.16_177_3	1.4347197208510165","TAEQE"
"1.2.3.16_178_0	1.0973112635190982","VAEQE"
"1.2.3.16_178_1	1.0973112635190982","VAEQE"
"1.2.3.16_178_2	1.0973112635190982","VAEQE"
"1.2.3.16_178_3	1.2204325788869836","RPF"
"1.2.3.16_179_0	1.0973112635190982","VAEQE"
"1.2.3.16_179_1	1.2696079706222443","IAEQE"
"1.2.3.16_179_2	1.4495436484381805","RGPPGGFF"
"1.2.3.16_179_3	1.6453578281365715","FGPPP"
"1.2.3.16_17_0	1.0973112635190982","VAEQE"
"1.2.3.16_17_1	1.0973112635190982","VAEQE"
"1.2.3.16_17_2	1.2204325788869836","RPF"
"1.2.3.16_17_3	2.2904775338875236","VEH"
"1.2.3.16_180_0	1.0924696315325884","VAEQE"
"1.2.3.16_180_1	1.0924696315325884","VAEQE"
"1.2.3.16_180_2	1.0924696315325884","VAEQE"
"1.2.3.16_180_3	1.4241430757117826","RGPPGGFF"
"1.2.3.16_181_0	1.3042227087179827","RPF"
"1.2.3.16_182_0	1.123084042989081","VAEQE"
"1.2.3.16_182_1	1.123084042989081","VAEQE"
"1.2.3.16_182_2	1.123084042989081","VAEQE"
"1.2.3.16_182_3	1.7748669492694842","LEE"
"1.2.3.16_183_0	1.0973112635190982","VAEQE"
"1.2.3.16_183_1	1.0973112635190982","VAEQE"
"1.2.3.16_183_2	1.2204325788869836","RPF"
"1.2.3.16_183_3	1.7338509962254078","LQ"
"1.2.3.16_184_0	2.669432605372585","RG"
"1.2.3.16_185_0	3.5912465292077433","VDEF"
"1.2.3.16_186_0	1.9786894619983642","GPL"
"1.2.3.16_186_1	2.0179167081978435","YL"
"1.2.3.16_187_0	1.3042227087179827","RPF"
"1.2.3.16_188_0	1.3042227087179827","RPF"
"1.2.3.16_188_1	1.5582502864160026","KPF"
"1.2.3.16_189_0	1.0973112635190982","VAEQE"
"1.2.3.16_189_1	1.0973112635190982","VAEQE"
"1.2.3.16_189_2	1.0973112635190982","VAEQE"
"1.2.3.16_189_3	1.0973112635190982","VAEQE"
"1.2.3.16_18_0	1.5862191667015708","TPF"
"1.2.3.16_190_0	1.3042227087179827","RPF"
"1.2.3.16_190_1	1.7813173582091368","GAL"
"1.2.3.16_190_2	1.8624589631933888","RE"
"1.2.3.16_191_0	1.0973112635190982","VAEQE"
"1.2.3.16_191_1	1.0973112635190982","VAEQE"
"1.2.3.16_191_2	1.2204325788869836","RPF"
"1.2.3.16_191_3	1.2696079706222443","IAEQE"
"1.2.3.16_192_0	1.1154416263529163","VAEQE"
"1.2.3.16_192_1	1.5290857546238976","TAEQE"
"1.2.3.16_192_2	1.7356303826210304","PA"
"1.2.3.16_192_3	3.4011450456358547","PGAGFX"
"1.2.3.16_193_0	1.1086920113729721","VAEQE"
"1.2.3.16_193_1	1.1086920113729721","VAEQE"
"1.2.3.16_193_2	1.6960451404571582","RDPQP"
"1.2.3.16_193_3	2.1834838501799356","YGLP"
"1.2.3.16_194_0	1.3042227087179827","RPF"
"1.2.3.16_194_1	1.3042227087179827","RPF"
"1.2.3.16_194_2	1.3042227087179827","RPF"
"1.2.3.16_194_3	1.5235280082929235","LPF"
"1.2.3.16_195_0	1.3042227087179827","RPF"
"1.2.3.16_196_0	1.0973112635190982","VAEQE"
"1.2.3.16_196_1	1.0973112635190982","VAEQE"
"1.2.3.16_196_2	1.0973112635190982","VAEQE"
"1.2.3.16_196_3	1.2204325788869836","RPF"
"1.2.3.16_197_0	1.3042227087179827","RPF"
"1.2.3.16_197_1	1.8872905085727385","LDL"
"1.2.3.16_198_0	1.3042227087179827","RPF"
"1.2.3.16_198_1	1.8017706090616814","IV"
"1.2.3.16_199_0	1.5914880136252392","QPF"
"1.2.3.16_19_0	1.0973112635190982","VAEQE"
"1.2.3.16_19_1	1.0973112635190982","VAEQE"
"1.2.3.16_19_2	1.0973112635190982","VAEQE"
"1.2.3.16_19_3	1.5906710512441729","WGG"
"1.2.3.16_1_0	1.0973112635190982","VAEQE"
"1.2.3.16_1_1	1.0973112635190982","VAEQE"
"1.2.3.16_1_10	1.0973112635190982","VAEQE"
"1.2.3.16_1_100	1.0370880328092509","VAEQE"
"1.2.3.16_1_101	1.0370880328092509","VAEQE"
"1.2.3.16_1_102	1.0370880328092509","VAEQE"
"1.2.3.16_1_103	1.0812522407684468","RPF"
"1.2.3.16_1_104	1.0812522407684468","RPF"
"1.2.3.16_1_105	1.0812522407684468","RPF"
"1.2.3.16_1_106	1.0812522407684468","RPF"
"1.2.3.16_1_107	1.0812522407684468","RPF"
"1.2.3.16_1_108	1.0812522407684468","RPF"
"1.2.3.16_1_109	1.0812522407684468","RPF"
"1.2.3.16_1_11	1.0973112635190982","VAEQE"
"1.2.3.16_1_110	1.0812522407684468","RPF"
"1.2.3.16_1_111	1.0812522407684468","RPF"
"1.2.3.16_1_112	1.0812522407684468","RPF"
"1.2.3.16_1_113	1.0812522407684468","RPF"
"1.2.3.16_1_114	1.0812522407684468","RPF"
"1.2.3.16_1_115	1.0812522407684468","RPF"
"1.2.3.16_1_116	1.0812522407684468","RPF"
"1.2.3.16_1_117	1.0812522407684468","RPF"
"1.2.3.16_1_118	1.0812522407684468","RPF"
"1.2.3.16_1_119	1.0812522407684468","RPF"
"1.2.3.16_1_12	1.0973112635190982","VAEQE"
"1.2.3.16_1_120	1.0812522407684468","RPF"
"1.2.3.16_1_121	1.0812522407684468","RPF"
"1.2.3.16_1_122	1.0812522407684468","RPF"
"1.2.3.16_1_123	1.0812522407684468","RPF"
"1.2.3.16_1_124	1.0812522407684468","RPF"
"1.2.3.16_1_125	1.0812522407684468","RPF"
"1.2.3.16_1_126	1.0812522407684468","RPF"
"1.2.3.16_1_127	1.098132499626086","IAEQE"
"1.2.3.16_1_128	1.098132499626086","IAEQE"
"1.2.3.16_1_129	1.098132499626086","IAEQE"
"1.2.3.16_1_13	1.0973112635190982","VAEQE"
"1.2.3.16_1_130	1.098132499626086","IAEQE"
"1.2.3.16_1_131	1.098132499626086","IAEQE"
"1.2.3.16_1_132	1.098132499626086","IAEQE"
"1.2.3.16_1_133	1.1077670840022236","YPFPGPIPNS"
"1.2.3.16_1_134	1.1077670840022236","YPFPGPIPNS"
"1.2.3.16_1_135	1.1077670840022236","YPFPGPIPNS"
"1.2.3.16_1_136	1.1077670840022236","YPFPGPIPNS"
"1.2.3.16_1_137	1.1077670840022236","YPFPGPIPNS"
"1.2.3.16_1_138	1.1077670840022236","YPFPGPIPNS"
"1.2.3.16_1_139	1.1077670840022236","YPFPGPIPNS"
"1.2.3.16_1_14	1.0973112635190982","VAEQE"
"1.2.3.16_1_140	1.1077670840022236","YPFPGPIPNS"
"1.2.3.16_1_141	1.1077670840022236","YPFPGPIPNS"
"1.2.3.16_1_142	1.1077670840022236","YPFPGPIPNS"
"1.2.3.16_1_143	1.1077670840022236","YPFPGPIPNS"
"1.2.3.16_1_144	1.1077670840022236","YPFPGPIPNS"
"1.2.3.16_1_145	1.1077670840022236","YPFPGPIPNS"
"1.2.3.16_1_146	1.1275800334354924","IP"
"1.2.3.16_1_147	1.1275800334354924","IP"
"1.2.3.16_1_148	1.1275800334354924","IP"
"1.2.3.16_1_149	1.1318256602933974","LPF"
"1.2.3.16_1_15	1.0973112635190982","VAEQE"
"1.2.3.16_1_150	1.1318256602933974","LPF"
"1.2.3.16_1_151	1.1346621939183998","IA"
"1.2.3.16_1_152	1.1346621939183998","IA"
"1.2.3.16_1_153	1.1346621939183998","IA"
"1.2.3.16_1_154	1.139352324184519","KPF"
"1.2.3.16_1_155	1.139352324184519","KPF"
"1.2.3.16_1_156	1.1394435658504969","FPFPGPIPNS"
"1.2.3.16_1_157	1.1453291978208249","TPF"
"1.2.3.16_1_158	1.146446845923549","QPF"
"1.2.3.16_1_159	1.1465398174974346","GGLGG"
"1.2.3.16_1_16	1.0973112635190982","VAEQE"
"1.2.3.16_1_160	1.1465398174974346","GGLGG"
"1.2.3.16_1_161	1.1520658875687657","TAEQE"
"1.2.3.16_1_162	1.1525200817216454","HPF"
"1.2.3.16_1_163	1.1525200817216454","HPF"
"1.2.3.16_1_164	1.1525200817216454","HPF"
"1.2.3.16_1_165	1.1528111643453913","LPL"
"1.2.3.16_1_166	1.1551258975193768","GPPGGFF"
"1.2.3.16_1_167	1.1594377931559063","SPF"
"1.2.3.16_1_168	1.1618030526238652","LP"
"1.2.3.16_1_169	1.1618030526238652","LP"
"1.2.3.16_1_17	1.0973112635190982","VAEQE"
"1.2.3.16_1_170	1.1681198702893942","GL"
"1.2.3.16_1_171	1.169989796998303","IGE"
"1.2.3.16_1_172	1.1784886943274573","EPF"
"1.2.3.16_1_173	1.1861048599512105","RAPF"
"1.2.3.16_1_174	1.1881913637042296","VAEQ"
"1.2.3.16_1_175	1.1946721110876366","CAEQ"
"1.2.3.16_1_176	1.1973051295121546","LE"
"1.2.3.16_1_177	1.198068478124922","VPL"
"1.2.3.16_1_178	1.2052939757786418","LEL"
"1.2.3.16_1_179	1.2073845852926355","PE"
"1.2.3.16_1_18	1.0973112635190982","VAEQE"
"1.2.3.16_1_180	1.2113755854890889","ADEE"
"1.2.3.16_1_181	1.2115380003490628","AL"
"1.2.3.16_1_182	1.218214884430281","VAEQD"
"1.2.3.16_1_183	1.227298487974285","LAEQ"
"1.2.3.16_1_184	1.260140409779506","EDE"
"1.2.3.16_1_185	1.264055571969456","IDEV"
"1.2.3.16_1_186	1.2659382642299655","VAG"
"1.2.3.16_1_187	1.2699755561086359","YPFPGPIPN"
"1.2.3.16_1_188	1.3043953367738401","RDG"
"1.2.3.16_1_189	1.3212860998542315","RGPPGGFV"
"1.2.3.16_1_19	1.0973112635190982","VAEQE"
"1.2.3.16_1_190	1.327822480876298","VC"
"1.2.3.16_1_191	1.3338552328792848","RDPAPPF"
"1.2.3.16_1_192	1.3708947139337948","YNFPGA"
"1.2.3.16_1_193	1.3840323206232612","RGPPSFL"
"1.2.3.16_1_194	1.3844289297251344","GPPFHL"
"1.2.3.16_1_195	1.4425606052715914","VXXXXXPQP"
"1.2.3.16_1_196	1.6480752134220955","IDPDETIGG"
"1.2.3.16_1_197	1.7765350938378348","NPAAMNPF"
"1.2.3.16_1_198	2.0429658825700496","MGVKHLFFPGAPFTNS"
"1.2.3.16_1_2	1.0973112635190982","VAEQE"
"1.2.3.16_1_20	1.2204325788869836","RPF"
"1.2.3.16_1_21	1.2204325788869836","RPF"
"1.2.3.16_1_22	1.2204325788869836","RPF"
"1.2.3.16_1_23	1.2204325788869836","RPF"
"1.2.3.16_1_24	1.2204325788869836","RPF"
"1.2.3.16_1_25	1.2696079706222443","IAEQE"
"1.2.3.16_1_26	1.2696079706222443","IAEQE"
"1.2.3.16_1_27	1.2696079706222443","IAEQE"
"1.2.3.16_1_28	1.3423780206989646","RGPPGGGFF"
"1.2.3.16_1_29	1.3582376949664001","IP"
"1.2.3.16_1_3	1.0973112635190982","VAEQE"
"1.2.3.16_1_30	1.3713167380594393","LPF"
"1.2.3.16_1_31	1.3800974390857357","IA"
"1.2.3.16_1_32	1.4134236574326058","TPF"
"1.2.3.16_1_33	1.5522447722491801","VAEQ"
"1.2.3.16_1_34	1.559011894147815","TDEE"
"1.2.3.16_1_35	1.5840515268484392","IDE"
"1.2.3.16_1_36	1.7129310735430185","IAEQ"
"1.2.3.16_1_37	1.9297693516408905","VAGL"
"1.2.3.16_1_38	1.0370880328092509","VAEQE"
"1.2.3.16_1_39	1.0370880328092509","VAEQE"
"1.2.3.16_1_4	1.0973112635190982","VAEQE"
"1.2.3.16_1_40	1.0370880328092509","VAEQE"
"1.2.3.16_1_41	1.0370880328092509","VAEQE"
"1.2.3.16_1_42	1.0370880328092509","VAEQE"
"1.2.3.16_1_43	1.0370880328092509","VAEQE"
"1.2.3.16_1_44	1.0370880328092509","VAEQE"
"1.2.3.16_1_45	1.0370880328092509","VAEQE"
"1.2.3.16_1_46	1.0370880328092509","VAEQE"
"1.2.3.16_1_47	1.0370880328092509","VAEQE"
"1.2.3.16_1_48	1.0370880328092509","VAEQE"
"1.2.3.16_1_49	1.0370880328092509","VAEQE"
"1.2.3.16_1_5	1.0973112635190982","VAEQE"
"1.2.3.16_1_50	1.0370880328092509","VAEQE"
"1.2.3.16_1_51	1.0370880328092509","VAEQE"
"1.2.3.16_1_52	1.0370880328092509","VAEQE"
"1.2.3.16_1_53	1.0370880328092509","VAEQE"
"1.2.3.16_1_54	1.0370880328092509","VAEQE"
"1.2.3.16_1_55	1.0370880328092509","VAEQE"
"1.2.3.16_1_56	1.0370880328092509","VAEQE"
"1.2.3.16_1_57	1.0370880328092509","VAEQE"
"1.2.3.16_1_58	1.0370880328092509","VAEQE"
"1.2.3.16_1_59	1.0370880328092509","VAEQE"
"1.2.3.16_1_6	1.0973112635190982","VAEQE"
"1.2.3.16_1_60	1.0370880328092509","VAEQE"
"1.2.3.16_1_61	1.0370880328092509","VAEQE"
"1.2.3.16_1_62	1.0370880328092509","VAEQE"
"1.2.3.16_1_63	1.0370880328092509","VAEQE"
"1.2.3.16_1_64	1.0370880328092509","VAEQE"
"1.2.3.16_1_65	1.0370880328092509","VAEQE"
"1.2.3.16_1_66	1.0370880328092509","VAEQE"
"1.2.3.16_1_67	1.0370880328092509","VAEQE"
"1.2.3.16_1_68	1.0370880328092509","VAEQE"
"1.2.3.16_1_69	1.0370880328092509","VAEQE"
"1.2.3.16_1_7	1.0973112635190982","VAEQE"
"1.2.3.16_1_70	1.0370880328092509","VAEQE"
"1.2.3.16_1_71	1.0370880328092509","VAEQE"
"1.2.3.16_1_72	1.0370880328092509","VAEQE"
"1.2.3.16_1_73	1.0370880328092509","VAEQE"
"1.2.3.16_1_74	1.0370880328092509","VAEQE"
"1.2.3.16_1_75	1.0370880328092509","VAEQE"
"1.2.3.16_1_76	1.0370880328092509","VAEQE"
"1.2.3.16_1_77	1.0370880328092509","VAEQE"
"1.2.3.16_1_78	1.0370880328092509","VAEQE"
"1.2.3.16_1_79	1.0370880328092509","VAEQE"
"1.2.3.16_1_8	1.0973112635190982","VAEQE"
"1.2.3.16_1_80	1.0370880328092509","VAEQE"
"1.2.3.16_1_81	1.0370880328092509","VAEQE"
"1.2.3.16_1_82	1.0370880328092509","VAEQE"
"1.2.3.16_1_83	1.0370880328092509","VAEQE"
"1.2.3.16_1_84	1.0370880328092509","VAEQE"
"1.2.3.16_1_85	1.0370880328092509","VAEQE"
"1.2.3.16_1_86	1.0370880328092509","VAEQE"
"1.2.3.16_1_87	1.0370880328092509","VAEQE"
"1.2.3.16_1_88	1.0370880328092509","VAEQE"
"1.2.3.16_1_89	1.0370880328092509","VAEQE"
"1.2.3.16_1_9	1.0973112635190982","VAEQE"
"1.2.3.16_1_90	1.0370880328092509","VAEQE"
"1.2.3.16_1_91	1.0370880328092509","VAEQE"
"1.2.3.16_1_92	1.0370880328092509","VAEQE"
"1.2.3.16_1_93	1.0370880328092509","VAEQE"
"1.2.3.16_1_94	1.0370880328092509","VAEQE"
"1.2.3.16_1_95	1.0370880328092509","VAEQE"
"1.2.3.16_1_96	1.0370880328092509","VAEQE"
"1.2.3.16_1_97	1.0370880328092509","VAEQE"
"1.2.3.16_1_98	1.0370880328092509","VAEQE"
"1.2.3.16_1_99	1.0370880328092509","VAEQE"
"1.2.3.16_20_0	1.102687506814272","VAEQE"
"1.2.3.16_20_1	1.102687506814272","VAEQE"
"1.2.3.16_20_2	1.102687506814272","VAEQE"
"1.2.3.16_20_3	1.2856594205993872","IAEQE"
"1.2.3.16_21_0	1.0973112635190982","VAEQE"
"1.2.3.16_21_1	1.2204325788869836","RPF"
"1.2.3.16_21_2	1.2696079706222443","IAEQE"
"1.2.3.16_21_3	1.7528900550965358","YPFPGPIP"
"1.2.3.16_22_0	1.123084042989081","VAEQE"
"1.2.3.16_22_1	1.123084042989081","VAEQE"
"1.2.3.16_22_2	1.2827506319546937","RPF"
"1.2.3.16_22_3	1.2827506319546937","RPF"
"1.2.3.16_24_0	1.1154416263529163","VAEQE"
"1.2.3.16_24_1	1.1154416263529163","VAEQE"
"1.2.3.16_24_2	1.1154416263529163","VAEQE"
"1.2.3.16_24_3	1.1154416263529163","VAEQE"
"1.2.3.16_26_0	1.1086920113729721","VAEQE"
"1.2.3.16_26_1	1.2477467009609804","RPF"
"1.2.3.16_26_2	1.4052411817445385","IP"
"1.2.3.16_26_3	1.8331018701274937","TAEQ"
"1.2.3.16_27_0	1.0973112635190982","VAEQE"
"1.2.3.16_27_1	1.0973112635190982","VAEQE"
"1.2.3.16_27_2	1.0973112635190982","VAEQE"
"1.2.3.16_27_3	1.4862535134665913","GL"
"1.2.3.16_28_0	1.0973112635190982","VAEQE"
"1.2.3.16_28_1	1.0973112635190982","VAEQE"
"1.2.3.16_28_2	1.0973112635190982","VAEQE"
"1.2.3.16_28_3	1.4495436484381805","RGPPGGFF"
"1.2.3.16_29_0	1.0973112635190982","VAEQE"
"1.2.3.16_29_1	1.0973112635190982","VAEQE"
"1.2.3.16_29_2	1.0973112635190982","VAEQE"
"1.2.3.16_29_3	1.2204325788869836","RPF"
"1.2.3.16_2_0	1.0973112635190982","VAEQE"
"1.2.3.16_2_1	1.0973112635190982","VAEQE"
"1.2.3.16_2_10	1.0973112635190982","VAEQE"
"1.2.3.16_2_100	1.082942903396883","RPF"
"1.2.3.16_2_101	1.082942903396883","RPF"
"1.2.3.16_2_102	1.082942903396883","RPF"
"1.2.3.16_2_103	1.082942903396883","RPF"
"1.2.3.16_2_104	1.082942903396883","RPF"
"1.2.3.16_2_105	1.082942903396883","RPF"
"1.2.3.16_2_106	1.082942903396883","RPF"
"1.2.3.16_2_107	1.082942903396883","RPF"
"1.2.3.16_2_108	1.082942903396883","RPF"
"1.2.3.16_2_109	1.082942903396883","RPF"
"1.2.3.16_2_11	1.0973112635190982","VAEQE"
"1.2.3.16_2_110	1.082942903396883","RPF"
"1.2.3.16_2_111	1.082942903396883","RPF"
"1.2.3.16_2_112	1.082942903396883","RPF"
"1.2.3.16_2_113	1.082942903396883","RPF"
"1.2.3.16_2_114	1.082942903396883","RPF"
"1.2.3.16_2_115	1.082942903396883","RPF"
"1.2.3.16_2_116	1.082942903396883","RPF"
"1.2.3.16_2_117	1.082942903396883","RPF"
"1.2.3.16_2_118	1.082942903396883","RPF"
"1.2.3.16_2_119	1.082942903396883","RPF"
"1.2.3.16_2_12	1.0973112635190982","VAEQE"
"1.2.3.16_2_120	1.082942903396883","RPF"
"1.2.3.16_2_121	1.082942903396883","RPF"
"1.2.3.16_2_122	1.082942903396883","RPF"
"1.2.3.16_2_123	1.082942903396883","RPF"
"1.2.3.16_2_124	1.082942903396883","RPF"
"1.2.3.16_2_125	1.082942903396883","RPF"
"1.2.3.16_2_126	1.082942903396883","RPF"
"1.2.3.16_2_127	1.082942903396883","RPF"
"1.2.3.16_2_128	1.082942903396883","RPF"
"1.2.3.16_2_129	1.1001903701071116","IAEQE"
"1.2.3.16_2_13	1.0973112635190982","VAEQE"
"1.2.3.16_2_130	1.1001903701071116","IAEQE"
"1.2.3.16_2_131	1.1001903701071116","IAEQE"
"1.2.3.16_2_132	1.1001903701071116","IAEQE"
"1.2.3.16_2_133	1.110036925561524","YPFPGPIPNS"
"1.2.3.16_2_134	1.110036925561524","YPFPGPIPNS"
"1.2.3.16_2_135	1.110036925561524","YPFPGPIPNS"
"1.2.3.16_2_136	1.110036925561524","YPFPGPIPNS"
"1.2.3.16_2_137	1.110036925561524","YPFPGPIPNS"
"1.2.3.16_2_138	1.110036925561524","YPFPGPIPNS"
"1.2.3.16_2_139	1.110036925561524","YPFPGPIPNS"
"1.2.3.16_2_14	1.0973112635190982","VAEQE"
"1.2.3.16_2_140	1.110036925561524","YPFPGPIPNS"
"1.2.3.16_2_141	1.1249933075501484","RGPPGGGFF"
"1.2.3.16_2_142	1.1302911467800851","IP"
"1.2.3.16_2_143	1.134632250627592","LPF"
"1.2.3.16_2_144	1.134632250627592","LPF"
"1.2.3.16_2_145	1.134632250627592","LPF"
"1.2.3.16_2_146	1.1375327704637235","IA"
"1.2.3.16_2_147	1.1423289963314636","KPF"
"1.2.3.16_2_148	1.1423289963314636","KPF"
"1.2.3.16_2_149	1.142422314903219","FPFPGPIPNS"
"1.2.3.16_2_15	1.0973112635190982","VAEQE"
"1.2.3.16_2_150	1.142422314903219","FPFPGPIPNS"
"1.2.3.16_2_151	1.142422314903219","FPFPGPIPNS"
"1.2.3.16_2_152	1.148441664262844","TPF"
"1.2.3.16_2_153	1.148441664262844","TPF"
"1.2.3.16_2_154	1.148441664262844","TPF"
"1.2.3.16_2_155	1.1495847727528532","QPF"
"1.2.3.16_2_156	1.1496798661372623","GGLGG"
"1.2.3.16_2_157	1.1557967513475573","HPF"
"1.2.3.16_2_158	1.1557967513475573","HPF"
"1.2.3.16_2_159	1.156094501522379","LPL"
"1.2.3.16_2_16	1.0973112635190982","VAEQE"
"1.2.3.16_2_160	1.1575809534986545","AAE"
"1.2.3.16_2_161	1.1584623141206034","GPPGGFF"
"1.2.3.16_2_162	1.1584623141206034","GPPGGFF"
"1.2.3.16_2_163	1.1600922739174861","RGPPGGFF"
"1.2.3.16_2_164	1.1600922739174861","RGPPGGFF"
"1.2.3.16_2_165	1.1600922739174861","RGPPGGFF"
"1.2.3.16_2_166	1.1717559236561366","GL"
"1.2.3.16_2_167	1.173669219316424","IGE"
"1.2.3.16_2_168	1.1901605450941504","RAPF"
"1.2.3.16_2_169	1.1922960761916013","VAEQ"
"1.2.3.16_2_17	1.0973112635190982","VAEQE"
"1.2.3.16_2_170	1.1922960761916013","VAEQ"
"1.2.3.16_2_171	1.1929721268641529","WPFPGPIPNS"
"1.2.3.16_2_172	1.1936850776236112","TDEQ"
"1.2.3.16_2_173	1.1952736140790412","SALPQ"
"1.2.3.16_2_174	1.2007683669091567","FL"
"1.2.3.16_2_175	1.2132077825092176","IF"
"1.2.3.16_2_176	1.221335804660386","NAL"
"1.2.3.16_2_177	1.2221801445241998","QGPPGGFF"
"1.2.3.16_2_178	1.2228708074914512","YPFPGPVPNS"
"1.2.3.16_2_179	1.2323361809514557","LAEQ"
"1.2.3.16_2_18	1.0973112635190982","VAEQE"
"1.2.3.16_2_180	1.2327200140692638","LGFPH"
"1.2.3.16_2_181	1.2344427556224198","YL"
"1.2.3.16_2_182	1.238046971676231","KD"
"1.2.3.16_2_183	1.2456617293711632","TDEQE"
"1.2.3.16_2_184	1.2636553725477955","LADVE"
"1.2.3.16_2_185	1.2660955616177798","LGPPP"
"1.2.3.16_2_186	1.2713010107360136","RQPF"
"1.2.3.16_2_187	1.2810823933297828","LPW"
"1.2.3.16_2_188	1.281202167174568","PAEG"
"1.2.3.16_2_189	1.2911054209536903","VVEQ"
"1.2.3.16_2_19	1.0973112635190982","VAEQE"
"1.2.3.16_2_190	1.2976723959981902","IAEQD"
"1.2.3.16_2_191	1.3076964116250729","WPF"
"1.2.3.16_2_192	1.3158409434038005","KALPL"
"1.2.3.16_2_193	1.3203412228920617","IDEM"
"1.2.3.16_2_194	1.3319778765300045","IDEG"
"1.2.3.16_2_195	1.4172920700727114","KDPVPGPFF"
"1.2.3.16_2_196	1.5633102633261773","KLKQA"
"1.2.3.16_2_197	1.59081616668477","IDFEQK"
"1.2.3.16_2_198	1.863779465334471","KEVPQLPPPQQQ"
"1.2.3.16_2_2	1.0973112635190982","VAEQE"
"1.2.3.16_2_20	1.0973112635190982","VAEQE"
"1.2.3.16_2_21	1.0973112635190982","VAEQE"
"1.2.3.16_2_22	1.2204325788869836","RPF"
"1.2.3.16_2_23	1.2696079706222443","IAEQE"
"1.2.3.16_2_24	1.3800974390857357","IA"
"1.2.3.16_2_25	1.4347197208510165","TAEQE"
"1.2.3.16_2_26	1.49856318555762","VA"
"1.2.3.16_2_27	1.5418995157098714","GAL"
"1.2.3.16_2_28	1.5551584453246425","IV"
"1.2.3.16_2_29	1.6052853036722445","LGGGG"
"1.2.3.16_2_3	1.0973112635190982","VAEQE"
"1.2.3.16_2_30	1.605963596371122","KALPQ"
"1.2.3.16_2_31	1.836231928053388","RPY"
"1.2.3.16_2_32	1.886532919403315","KAP"
"1.2.3.16_2_33	1.9901597225618703","DAEG"
"1.2.3.16_2_34	2.859911122570483","FKEPA"
"1.2.3.16_2_35	1.0378436557017412","VAEQE"
"1.2.3.16_2_36	1.0378436557017412","VAEQE"
"1.2.3.16_2_37	1.0378436557017412","VAEQE"
"1.2.3.16_2_38	1.0378436557017412","VAEQE"
"1.2.3.16_2_39	1.0378436557017412","VAEQE"
"1.2.3.16_2_4	1.0973112635190982","VAEQE"
"1.2.3.16_2_40	1.0378436557017412","VAEQE"
"1.2.3.16_2_41	1.0378436557017412","VAEQE"
"1.2.3.16_2_42	1.0378436557017412","VAEQE"
"1.2.3.16_2_43	1.0378436557017412","VAEQE"
"1.2.3.16_2_44	1.0378436557017412","VAEQE"
"1.2.3.16_2_45	1.0378436557017412","VAEQE"
"1.2.3.16_2_46	1.0378436557017412","VAEQE"
"1.2.3.16_2_47	1.0378436557017412","VAEQE"
"1.2.3.16_2_48	1.0378436557017412","VAEQE"
"1.2.3.16_2_49	1.0378436557017412","VAEQE"
"1.2.3.16_2_5	1.0973112635190982","VAEQE"
"1.2.3.16_2_50	1.0378436557017412","VAEQE"
"1.2.3.16_2_51	1.0378436557017412","VAEQE"
"1.2.3.16_2_52	1.0378436557017412","VAEQE"
"1.2.3.16_2_53	1.0378436557017412","VAEQE"
"1.2.3.16_2_54	1.0378436557017412","VAEQE"
"1.2.3.16_2_55	1.0378436557017412","VAEQE"
"1.2.3.16_2_56	1.0378436557017412","VAEQE"
"1.2.3.16_2_57	1.0378436557017412","VAEQE"
"1.2.3.16_2_58	1.0378436557017412","VAEQE"
"1.2.3.16_2_59	1.0378436557017412","VAEQE"
"1.2.3.16_2_6	1.0973112635190982","VAEQE"
"1.2.3.16_2_60	1.0378436557017412","VAEQE"
"1.2.3.16_2_61	1.0378436557017412","VAEQE"
"1.2.3.16_2_62	1.0378436557017412","VAEQE"
"1.2.3.16_2_63	1.0378436557017412","VAEQE"
"1.2.3.16_2_64	1.0378436557017412","VAEQE"
"1.2.3.16_2_65	1.0378436557017412","VAEQE"
"1.2.3.16_2_66	1.0378436557017412","VAEQE"
"1.2.3.16_2_67	1.0378436557017412","VAEQE"
"1.2.3.16_2_68	1.0378436557017412","VAEQE"
"1.2.3.16_2_69	1.0378436557017412","VAEQE"
"1.2.3.16_2_7	1.0973112635190982","VAEQE"
"1.2.3.16_2_70	1.0378436557017412","VAEQE"
"1.2.3.16_2_71	1.0378436557017412","VAEQE"
"1.2.3.16_2_72	1.0378436557017412","VAEQE"
"1.2.3.16_2_73	1.0378436557017412","VAEQE"
"1.2.3.16_2_74	1.0378436557017412","VAEQE"
"1.2.3.16_2_75	1.0378436557017412","VAEQE"
"1.2.3.16_2_76	1.0378436557017412","VAEQE"
"1.2.3.16_2_77	1.0378436557017412","VAEQE"
"1.2.3.16_2_78	1.0378436557017412","VAEQE"
"1.2.3.16_2_79	1.0378436557017412","VAEQE"
"1.2.3.16_2_8	1.0973112635190982","VAEQE"
"1.2.3.16_2_80	1.0378436557017412","VAEQE"
"1.2.3.16_2_81	1.0378436557017412","VAEQE"
"1.2.3.16_2_82	1.0378436557017412","VAEQE"
"1.2.3.16_2_83	1.0378436557017412","VAEQE"
"1.2.3.16_2_84	1.0378436557017412","VAEQE"
"1.2.3.16_2_85	1.0378436557017412","VAEQE"
"1.2.3.16_2_86	1.0378436557017412","VAEQE"
"1.2.3.16_2_87	1.0378436557017412","VAEQE"
"1.2.3.16_2_88	1.0378436557017412","VAEQE"
"1.2.3.16_2_89	1.0378436557017412","VAEQE"
"1.2.3.16_2_9	1.0973112635190982","VAEQE"
"1.2.3.16_2_90	1.0378436557017412","VAEQE"
"1.2.3.16_2_91	1.0378436557017412","VAEQE"
"1.2.3.16_2_92	1.0378436557017412","VAEQE"
"1.2.3.16_2_93	1.0378436557017412","VAEQE"
"1.2.3.16_2_94	1.0378436557017412","VAEQE"
"1.2.3.16_2_95	1.0378436557017412","VAEQE"
"1.2.3.16_2_96	1.0378436557017412","VAEQE"
"1.2.3.16_2_97	1.082942903396883","RPF"
"1.2.3.16_2_98	1.082942903396883","RPF"
"1.2.3.16_2_99	1.082942903396883","RPF"
"1.2.3.16_30_0	1.102687506814272","VAEQE"
"1.2.3.16_30_1	1.102687506814272","VAEQE"
"1.2.3.16_30_2	1.102687506814272","VAEQE"
"1.2.3.16_30_3	1.102687506814272","VAEQE"
"1.2.3.16_31_0	1.0973112635190982","VAEQE"
"1.2.3.16_31_1	1.0973112635190982","VAEQE"
"1.2.3.16_31_2	1.2204325788869836","RPF"
"1.2.3.16_32_0	1.0973112635190982","VAEQE"
"1.2.3.16_32_1	1.0973112635190982","VAEQE"
"1.2.3.16_32_2	1.0973112635190982","VAEQE"
"1.2.3.16_32_3	1.2696079706222443","IAEQE"
"1.2.3.16_33_0	1.3042227087179827","RPF"
"1.2.3.16_33_1	2.71318954711929","PDEA"
"1.2.3.16_34_0	1.102687506814272","VAEQE"
"1.2.3.16_34_1	1.102687506814272","VAEQE"
"1.2.3.16_34_2	1.102687506814272","VAEQE"
"1.2.3.16_35_0	1.8994498841609537","DAE"
"1.2.3.16_35_1	2.1023665287242577","KLP"
"1.2.3.16_36_0	1.1154416263529163","VAEQE"
"1.2.3.16_36_1	1.264098537378041","RPF"
"1.2.3.16_36_2	1.5308950083544541","HPF"
"1.2.3.16_36_3	1.5358221243423238","IE"
"1.2.3.16_38_0	1.0386307049056278","VAEQE"
"1.2.3.16_38_1	1.0386307049056278","VAEQE"
"1.2.3.16_38_2	1.0386307049056278","VAEQE"
"1.2.3.16_38_3	1.0847053785065424","RPF"
"1.2.3.16_39_0	1.0973112635190982","VAEQE"
"1.2.3.16_39_1	1.0973112635190982","VAEQE"
"1.2.3.16_39_2	1.0973112635190982","VAEQE"
"1.2.3.16_39_3	1.5741377080549894","NALPQE"
"1.2.3.16_3_0	1.0973112635190982","VAEQE"
"1.2.3.16_3_1	1.0973112635190982","VAEQE"
"1.2.3.16_3_10	1.0973112635190982","VAEQE"
"1.2.3.16_3_100	1.0412013238898012","VAEQE"
"1.2.3.16_3_101	1.0412013238898012","VAEQE"
"1.2.3.16_3_102	1.0904725363578376","RPF"
"1.2.3.16_3_103	1.0904725363578376","RPF"
"1.2.3.16_3_104	1.0904725363578376","RPF"
"1.2.3.16_3_105	1.0904725363578376","RPF"
"1.2.3.16_3_106	1.0904725363578376","RPF"
"1.2.3.16_3_107	1.0904725363578376","RPF"
"1.2.3.16_3_108	1.0904725363578376","RPF"
"1.2.3.16_3_109	1.0904725363578376","RPF"
"1.2.3.16_3_11	1.0973112635190982","VAEQE"
"1.2.3.16_3_110	1.0904725363578376","RPF"
"1.2.3.16_3_111	1.0904725363578376","RPF"
"1.2.3.16_3_112	1.0904725363578376","RPF"
"1.2.3.16_3_113	1.0904725363578376","RPF"
"1.2.3.16_3_114	1.0904725363578376","RPF"
"1.2.3.16_3_115	1.0904725363578376","RPF"
"1.2.3.16_3_116	1.0904725363578376","RPF"
"1.2.3.16_3_117	1.0904725363578376","RPF"
"1.2.3.16_3_118	1.0904725363578376","RPF"
"1.2.3.16_3_119	1.0904725363578376","RPF"
"1.2.3.16_3_12	1.0973112635190982","VAEQE"
"1.2.3.16_3_120	1.0904725363578376","RPF"
"1.2.3.16_3_121	1.0904725363578376","RPF"
"1.2.3.16_3_122	1.0904725363578376","RPF"
"1.2.3.16_3_123	1.0904725363578376","RPF"
"1.2.3.16_3_124	1.0904725363578376","RPF"
"1.2.3.16_3_125	1.0904725363578376","RPF"
"1.2.3.16_3_126	1.1093631570933993","IAEQE"
"1.2.3.16_3_127	1.1093631570933993","IAEQE"
"1.2.3.16_3_128	1.1093631570933993","IAEQE"
"1.2.3.16_3_129	1.1093631570933993","IAEQE"
"1.2.3.16_3_13	1.0973112635190982","VAEQE"
"1.2.3.16_3_130	1.1093631570933993","IAEQE"
"1.2.3.16_3_131	1.1093631570933993","IAEQE"
"1.2.3.16_3_132	1.120159355276873","YPFPGPIPNS"
"1.2.3.16_3_133	1.120159355276873","YPFPGPIPNS"
"1.2.3.16_3_134	1.120159355276873","YPFPGPIPNS"
"1.2.3.16_3_135	1.120159355276873","YPFPGPIPNS"
"1.2.3.16_3_136	1.120159355276873","YPFPGPIPNS"
"1.2.3.16_3_137	1.120159355276873","YPFPGPIPNS"
"1.2.3.16_3_138	1.120159355276873","YPFPGPIPNS"
"1.2.3.16_3_139	1.120159355276873","YPFPGPIPNS"
"1.2.3.16_3_14	1.0973112635190982","VAEQE"
"1.2.3.16_3_140	1.120159355276873","YPFPGPIPNS"
"1.2.3.16_3_141	1.120159355276873","YPFPGPIPNS"
"1.2.3.16_3_142	1.120159355276873","YPFPGPIPNS"
"1.2.3.16_3_143	1.120159355276873","YPFPGPIPNS"
"1.2.3.16_3_144	1.120159355276873","YPFPGPIPNS"
"1.2.3.16_3_145	1.120159355276873","YPFPGPIPNS"
"1.2.3.16_3_146	1.1365741120084971","RGPPGGGFF"
"1.2.3.16_3_147	1.1423931030895824","IP"
"1.2.3.16_3_148	1.147163017282322","LPF"
"1.2.3.16_3_149	1.147163017282322","LPF"
"1.2.3.16_3_15	1.0973112635190982","VAEQE"
"1.2.3.16_3_150	1.147163017282322","LPF"
"1.2.3.16_3_151	1.147163017282322","LPF"
"1.2.3.16_3_152	1.147163017282322","LPF"
"1.2.3.16_3_153	1.1503508825731243","IA"
"1.2.3.16_3_154	1.1503508825731243","IA"
"1.2.3.16_3_155	1.1557265364766756","FPFPGPIPNS"
"1.2.3.16_3_156	1.1557265364766756","FPFPGPIPNS"
"1.2.3.16_3_157	1.1637092526005446","GGLGG"
"1.2.3.16_3_158	1.1704407150160878","HPF"
"1.2.3.16_3_159	1.171831477778782","IE"
"1.2.3.16_3_16	1.0973112635190982","VAEQE"
"1.2.3.16_3_160	1.1733750731374881","GPPGGFF"
"1.2.3.16_3_161	1.1733750731374881","GPPGGFF"
"1.2.3.16_3_162	1.1733750731374881","GPPGGFF"
"1.2.3.16_3_163	1.1751696874250004","RGPPGGFF"
"1.2.3.16_3_164	1.1751696874250004","RGPPGGFF"
"1.2.3.16_3_165	1.1826258120095967","VADQE"
"1.2.3.16_3_166	1.1958573506450014","LGL"
"1.2.3.16_3_167	1.2021456525928842","VDEE"
"1.2.3.16_3_168	1.2129632271291844","TDEE"
"1.2.3.16_3_169	1.2139578982408157","SALPQ"
"1.2.3.16_3_17	1.0973112635190982","VAEQE"
"1.2.3.16_3_170	1.2183363146705342","SALPQE"
"1.2.3.16_3_171	1.2183363146705342","SALPQE"
"1.2.3.16_3_172	1.2195118488064682","PAE"
"1.2.3.16_3_173	1.2213948446869385","IDE"
"1.2.3.16_3_174	1.2236120011391611","WGG"
"1.2.3.16_3_175	1.2284869896081965","LGGGG"
"1.2.3.16_3_176	1.2323721917913844","PE"
"1.2.3.16_3_177	1.2326942243197119","IW"
"1.2.3.16_3_178	1.2329797050327433","PD"
"1.2.3.16_3_179	1.235174729347178","QALPQE"
"1.2.3.16_3_18	1.0973112635190982","VAEQE"
"1.2.3.16_3_180	1.2362342565636268","SGLGG"
"1.2.3.16_3_181	1.2385573209540552","FGG"
"1.2.3.16_3_182	1.2444541085917242","YPFPGPVPNS"
"1.2.3.16_3_183	1.2446341634797893","VAEQD"
"1.2.3.16_3_184	1.2492370655257818","GPL"
"1.2.3.16_3_185	1.2595509512274958","GPA"
"1.2.3.16_3_186	1.268610953052459","IDEQ"
"1.2.3.16_3_187	1.2721706987001256","LYPFPGPIPNS"
"1.2.3.16_3_188	1.2760606398912289","IGG"
"1.2.3.16_3_189	1.2817137087832093","RPL"
"1.2.3.16_3_19	1.0973112635190982","VAEQE"
"1.2.3.16_3_190	1.2888306490600854","IGEG"
"1.2.3.16_3_191	1.289703815285377","KI"
"1.2.3.16_3_192	1.3011629704135967","YYPFPGPIPNS"
"1.2.3.16_3_193	1.3228011861678461","KH"
"1.2.3.16_3_194	1.3523805127445894","CW"
"1.2.3.16_3_195	1.396543006727199","QDPR"
"1.2.3.16_3_196	1.4257121999006948","KDNEHPMA"
"1.2.3.16_3_197	1.4373533328574692","HVVVP"
"1.2.3.16_3_198	1.669459113868472","HNIPTERG"
"1.2.3.16_3_2	1.0973112635190982","VAEQE"
"1.2.3.16_3_20	1.0973112635190982","VAEQE"
"1.2.3.16_3_21	1.0973112635190982","VAEQE"
"1.2.3.16_3_22	1.0973112635190982","VAEQE"
"1.2.3.16_3_23	1.0973112635190982","VAEQE"
"1.2.3.16_3_24	1.2204325788869836","RPF"
"1.2.3.16_3_25	1.2204325788869836","RPF"
"1.2.3.16_3_26	1.2204325788869836","RPF"
"1.2.3.16_3_27	1.2204325788869836","RPF"
"1.2.3.16_3_28	1.2204325788869836","RPF"
"1.2.3.16_3_29	1.2696079706222443","IAEQE"
"1.2.3.16_3_3	1.0973112635190982","VAEQE"
"1.2.3.16_3_30	1.3423780206989646","RGPPGGGFF"
"1.2.3.16_3_31	1.3713167380594393","LPF"
"1.2.3.16_3_32	1.4134236574326058","TPF"
"1.2.3.16_3_33	1.444458171185877","GPPGGFF"
"1.2.3.16_3_34	1.4495436484381805","RGPPGGFF"
"1.2.3.16_3_35	1.4582467765481255","SPF"
"1.2.3.16_3_36	1.9876474559701072","NW"
"1.2.3.16_3_37	2.947180445945129","QDNPHPGPS"
"1.2.3.16_3_38	1.0412013238898012","VAEQE"
"1.2.3.16_3_39	1.0412013238898012","VAEQE"
"1.2.3.16_3_4	1.0973112635190982","VAEQE"
"1.2.3.16_3_40	1.0412013238898012","VAEQE"
"1.2.3.16_3_41	1.0412013238898012","VAEQE"
"1.2.3.16_3_42	1.0412013238898012","VAEQE"
"1.2.3.16_3_43	1.0412013238898012","VAEQE"
"1.2.3.16_3_44	1.0412013238898012","VAEQE"
"1.2.3.16_3_45	1.0412013238898012","VAEQE"
"1.2.3.16_3_46	1.0412013238898012","VAEQE"
"1.2.3.16_3_47	1.0412013238898012","VAEQE"
"1.2.3.16_3_48	1.0412013238898012","VAEQE"
"1.2.3.16_3_49	1.0412013238898012","VAEQE"
"1.2.3.16_3_5	1.0973112635190982","VAEQE"
"1.2.3.16_3_50	1.0412013238898012","VAEQE"
"1.2.3.16_3_51	1.0412013238898012","VAEQE"
"1.2.3.16_3_52	1.0412013238898012","VAEQE"
"1.2.3.16_3_53	1.0412013238898012","VAEQE"
"1.2.3.16_3_54	1.0412013238898012","VAEQE"
"1.2.3.16_3_55	1.0412013238898012","VAEQE"
"1.2.3.16_3_56	1.0412013238898012","VAEQE"
"1.2.3.16_3_57	1.0412013238898012","VAEQE"
"1.2.3.16_3_58	1.0412013238898012","VAEQE"
"1.2.3.16_3_59	1.0412013238898012","VAEQE"
"1.2.3.16_3_6	1.0973112635190982","VAEQE"
"1.2.3.16_3_60	1.0412013238898012","VAEQE"
"1.2.3.16_3_61	1.0412013238898012","VAEQE"
"1.2.3.16_3_62	1.0412013238898012","VAEQE"
"1.2.3.16_3_63	1.0412013238898012","VAEQE"
"1.2.3.16_3_64	1.0412013238898012","VAEQE"
"1.2.3.16_3_65	1.0412013238898012","VAEQE"
"1.2.3.16_3_66	1.0412013238898012","VAEQE"
"1.2.3.16_3_67	1.0412013238898012","VAEQE"
"1.2.3.16_3_68	1.0412013238898012","VAEQE"
"1.2.3.16_3_69	1.0412013238898012","VAEQE"
"1.2.3.16_3_7	1.0973112635190982","VAEQE"
"1.2.3.16_3_70	1.0412013238898012","VAEQE"
"1.2.3.16_3_71	1.0412013238898012","VAEQE"
"1.2.3.16_3_72	1.0412013238898012","VAEQE"
"1.2.3.16_3_73	1.0412013238898012","VAEQE"
"1.2.3.16_3_74	1.0412013238898012","VAEQE"
"1.2.3.16_3_75	1.0412013238898012","VAEQE"
"1.2.3.16_3_76	1.0412013238898012","VAEQE"
"1.2.3.16_3_77	1.0412013238898012","VAEQE"
"1.2.3.16_3_78	1.0412013238898012","VAEQE"
"1.2.3.16_3_79	1.0412013238898012","VAEQE"
"1.2.3.16_3_8	1.0973112635190982","VAEQE"
"1.2.3.16_3_80	1.0412013238898012","VAEQE"
"1.2.3.16_3_81	1.0412013238898012","VAEQE"
"1.2.3.16_3_82	1.0412013238898012","VAEQE"
"1.2.3.16_3_83	1.0412013238898012","VAEQE"
"1.2.3.16_3_84	1.0412013238898012","VAEQE"
"1.2.3.16_3_85	1.0412013238898012","VAEQE"
"1.2.3.16_3_86	1.0412013238898012","VAEQE"
"1.2.3.16_3_87	1.0412013238898012","VAEQE"
"1.2.3.16_3_88	1.0412013238898012","VAEQE"
"1.2.3.16_3_89	1.0412013238898012","VAEQE"
"1.2.3.16_3_9	1.0973112635190982","VAEQE"
"1.2.3.16_3_90	1.0412013238898012","VAEQE"
"1.2.3.16_3_91	1.0412013238898012","VAEQE"
"1.2.3.16_3_92	1.0412013238898012","VAEQE"
"1.2.3.16_3_93	1.0412013238898012","VAEQE"
"1.2.3.16_3_94	1.0412013238898012","VAEQE"
"1.2.3.16_3_95	1.0412013238898012","VAEQE"
"1.2.3.16_3_96	1.0412013238898012","VAEQE"
"1.2.3.16_3_97	1.0412013238898012","VAEQE"
"1.2.3.16_3_98	1.0412013238898012","VAEQE"
"1.2.3.16_3_99	1.0412013238898012","VAEQE"
"1.2.3.16_40_0	1.0973112635190982","VAEQE"
"1.2.3.16_40_1	1.0973112635190982","VAEQE"
"1.2.3.16_40_2	1.2204325788869836","RPF"
"1.2.3.16_40_3	1.5551584453246425","IV"
"1.2.3.16_41_0	1.123084042989081","VAEQE"
"1.2.3.16_41_1	1.123084042989081","VAEQE"
"1.2.3.16_41_2	1.3476807782819682","IAEQE"
"1.2.3.16_41_3	1.9817252996526145","SPPF"
"1.2.3.16_42_0	1.3042227087179827","RPF"
"1.2.3.16_42_1	1.3042227087179827","RPF"
"1.2.3.16_42_2	1.3042227087179827","RPF"
"1.2.3.16_42_3	1.9045127344656703","IF"
"1.2.3.16_43_0	1.7972709556622513","VAEQ"
"1.2.3.16_44_0	1.0973112635190982","VAEQE"
"1.2.3.16_44_1	1.0973112635190982","VAEQE"
"1.2.3.16_44_2	1.3713167380594393","LPF"
"1.2.3.16_44_3	1.5852107757707998","VP"
"1.2.3.16_45_0	1.0973112635190982","VAEQE"
"1.2.3.16_45_1	1.0973112635190982","VAEQE"
"1.2.3.16_45_2	1.2204325788869836","RPF"
"1.2.3.16_45_3	1.6254562151285714","QALPQE"
"1.2.3.16_46_0	1.102687506814272","VAEQE"
"1.2.3.16_46_1	1.102687506814272","VAEQE"
"1.2.3.16_46_2	1.5175758527047158","GL"
"1.2.3.16_46_3	2.007333582022367","WGLP"
"1.2.3.16_47_0	1.3042227087179827","RPF"
"1.2.3.16_47_1	2.029214342040245","GPA"
"1.2.3.16_48_0	1.8979080550004972","PE"
"1.2.3.16_48_1	1.9490331402317194","DEE"
"1.2.3.16_49_0	1.0973112635190982","VAEQE"
"1.2.3.16_49_1	1.4495436484381805","RGPPGGFF"
"1.2.3.16_49_2	1.6542303139457253","VAEQD"
"1.2.3.16_49_3	1.7129310735430185","IAEQ"
"1.2.3.16_4_0	1.0973112635190982","VAEQE"
"1.2.3.16_4_1	1.0973112635190982","VAEQE"
"1.2.3.16_4_10	1.0973112635190982","VAEQE"
"1.2.3.16_4_11	1.0973112635190982","VAEQE"
"1.2.3.16_4_12	1.0973112635190982","VAEQE"
"1.2.3.16_4_13	1.0973112635190982","VAEQE"
"1.2.3.16_4_14	1.0973112635190982","VAEQE"
"1.2.3.16_4_15	1.0973112635190982","VAEQE"
"1.2.3.16_4_16	1.0973112635190982","VAEQE"
"1.2.3.16_4_17	1.0973112635190982","VAEQE"
"1.2.3.16_4_18	1.0973112635190982","VAEQE"
"1.2.3.16_4_19	1.0973112635190982","VAEQE"
"1.2.3.16_4_2	1.0973112635190982","VAEQE"
"1.2.3.16_4_20	1.0973112635190982","VAEQE"
"1.2.3.16_4_21	1.0973112635190982","VAEQE"
"1.2.3.16_4_22	1.2204325788869836","RPF"
"1.2.3.16_4_23	1.2204325788869836","RPF"
"1.2.3.16_4_24	1.2204325788869836","RPF"
"1.2.3.16_4_25	1.2204325788869836","RPF"
"1.2.3.16_4_26	1.2204325788869836","RPF"
"1.2.3.16_4_27	1.2696079706222443","IAEQE"
"1.2.3.16_4_28	1.444458171185877","GPPGGFF"
"1.2.3.16_4_29	1.4495436484381805","RGPPGGFF"
"1.2.3.16_4_3	1.0973112635190982","VAEQE"
"1.2.3.16_4_30	1.6188198247931187","PD"
"1.2.3.16_4_31	1.853200295269294","TEV"
"1.2.3.16_4_32	1.9499163593140487","RDAV"
"1.2.3.16_4_33	1.9960490241190323","RDEEL"
"1.2.3.16_4_34	2.513779159312586","KDLPPGF"
"1.2.3.16_4_35	2.8021077570682715","SDPHSGH"
"1.2.3.16_4_36	3.24290394209191","GDLHNVP"
"1.2.3.16_4_4	1.0973112635190982","VAEQE"
"1.2.3.16_4_5	1.0973112635190982","VAEQE"
"1.2.3.16_4_6	1.0973112635190982","VAEQE"
"1.2.3.16_4_7	1.0973112635190982","VAEQE"
"1.2.3.16_4_8	1.0973112635190982","VAEQE"
"1.2.3.16_4_9	1.0973112635190982","VAEQE"
"1.2.3.16_50_0	1.9839889444870384","IPL"
"1.2.3.16_51_0	2.6782852082818684","HED"
"1.2.3.16_52_0	1.3042227087179827","RPF"
"1.2.3.16_52_1	1.8872905085727385","LDL"
"1.2.3.16_53_0	1.0973112635190982","VAEQE"
"1.2.3.16_53_1	1.0973112635190982","VAEQE"
"1.2.3.16_53_2	1.0973112635190982","VAEQE"
"1.2.3.16_53_3	1.57100240451754","LA"
"1.2.3.16_55_0	1.2204325788869836","RPF"
"1.2.3.16_55_1	1.2204325788869836","RPF"
"1.2.3.16_55_2	1.582330158242991","IPF"
"1.2.3.16_55_3	2.6134035769371335","LPPTD"
"1.2.3.16_56_0	1.3042227087179827","RPF"
"1.2.3.16_57_0	1.1154416263529163","VAEQE"
"1.2.3.16_57_1	1.1154416263529163","VAEQE"
"1.2.3.16_57_2	1.1154416263529163","VAEQE"
"1.2.3.16_57_3	1.264098537378041","RPF"
"1.2.3.16_58_0	1.3042227087179827","RPF"
"1.2.3.16_58_1	1.3042227087179827","RPF"
"1.2.3.16_58_2	2.029214342040245","GPA"
"1.2.3.16_59_0	1.1154416263529163","VAEQE"
"1.2.3.16_59_1	1.1154416263529163","VAEQE"
"1.2.3.16_59_2	1.1154416263529163","VAEQE"
"1.2.3.16_59_3	1.758121971476448","VE"
"1.2.3.16_5_0	1.0973112635190982","VAEQE"
"1.2.3.16_5_1	1.0973112635190982","VAEQE"
"1.2.3.16_5_10	1.0973112635190982","VAEQE"
"1.2.3.16_5_11	1.0973112635190982","VAEQE"
"1.2.3.16_5_12	1.0973112635190982","VAEQE"
"1.2.3.16_5_13	1.0973112635190982","VAEQE"
"1.2.3.16_5_14	1.0973112635190982","VAEQE"
"1.2.3.16_5_15	1.0973112635190982","VAEQE"
"1.2.3.16_5_16	1.0973112635190982","VAEQE"
"1.2.3.16_5_17	1.0973112635190982","VAEQE"
"1.2.3.16_5_18	1.0973112635190982","VAEQE"
"1.2.3.16_5_19	1.0973112635190982","VAEQE"
"1.2.3.16_5_2	1.0973112635190982","VAEQE"
"1.2.3.16_5_20	1.2204325788869836","RPF"
"1.2.3.16_5_21	1.2204325788869836","RPF"
"1.2.3.16_5_22	1.2204325788869836","RPF"
"1.2.3.16_5_23	1.2204325788869836","RPF"
"1.2.3.16_5_24	1.2696079706222443","IAEQE"
"1.2.3.16_5_25	1.2696079706222443","IAEQE"
"1.2.3.16_5_26	1.2696079706222443","IAEQE"
"1.2.3.16_5_27	1.2696079706222443","IAEQE"
"1.2.3.16_5_28	1.3423780206989646","RGPPGGGFF"
"1.2.3.16_5_29	1.3582376949664001","IP"
"1.2.3.16_5_3	1.0973112635190982","VAEQE"
"1.2.3.16_5_30	1.3800974390857357","IA"
"1.2.3.16_5_31	1.4495436484381805","RGPPGGFF"
"1.2.3.16_5_32	1.4658448641660895","LP"
"1.2.3.16_5_33	1.4862535134665913","GL"
"1.2.3.16_5_34	1.6683349580675118","GPL"
"1.2.3.16_5_35	2.0031638147539064","TPLPGGH"
"1.2.3.16_5_36	2.141710450932107","EGGLGG"
"1.2.3.16_5_37	2.7605231212127843","NPQTQPF"
"1.2.3.16_5_4	1.0973112635190982","VAEQE"
"1.2.3.16_5_5	1.0973112635190982","VAEQE"
"1.2.3.16_5_6	1.0973112635190982","VAEQE"
"1.2.3.16_5_7	1.0973112635190982","VAEQE"
"1.2.3.16_5_8	1.0973112635190982","VAEQE"
"1.2.3.16_5_9	1.0973112635190982","VAEQE"
"1.2.3.16_60_0	1.0421359349553387","VAEQE"
"1.2.3.16_60_1	1.0421359349553387","VAEQE"
"1.2.3.16_60_2	1.0421359349553387","VAEQE"
"1.2.3.16_60_3	1.1229874930778847","YPFPGPIPNS"
"1.2.3.16_61_0	1.1154416263529163","VAEQE"
"1.2.3.16_61_1	1.1154416263529163","VAEQE"
"1.2.3.16_61_2	1.1154416263529163","VAEQE"
"1.2.3.16_61_3	1.264098537378041","RPF"
"1.2.3.16_62_0	1.0973112635190982","VAEQE"
"1.2.3.16_62_1	1.2696079706222443","IAEQE"
"1.2.3.16_62_2	1.3582376949664001","IP"
"1.2.3.16_62_3	1.693684564030159","PAEQ"
"1.2.3.16_63_0	1.5914880136252392","QPF"
"1.2.3.16_64_0	1.0973112635190982","VAEQE"
"1.2.3.16_64_1	1.0973112635190982","VAEQE"
"1.2.3.16_64_2	1.0973112635190982","VAEQE"
"1.2.3.16_64_3	1.0973112635190982","VAEQE"
"1.2.3.16_65_0	1.5235280082929235","LPF"
"1.2.3.16_65_1	2.029214342040245","GPA"
"1.2.3.16_65_2	2.2093616519625954","AE"
"1.2.3.16_66_0	1.0973112635190982","VAEQE"
"1.2.3.16_66_1	1.2204325788869836","RPF"
"1.2.3.16_66_2	1.9432526745059484","KEEFPGA"
"1.2.3.16_66_3	2.176086559025133","RGPPGGFI"
"1.2.3.16_67_0	1.0973112635190982","VAEQE"
"1.2.3.16_67_1	1.0973112635190982","VAEQE"
"1.2.3.16_67_2	1.5906710512441729","WGG"
"1.2.3.16_67_3	1.6730722552880595","IS"
"1.2.3.16_68_0	1.0973112635190982","VAEQE"
"1.2.3.16_68_1	1.0973112635190982","VAEQE"
"1.2.3.16_68_2	1.2204325788869836","RPF"
"1.2.3.16_68_3	2.266666794660902","FGEPGA"
"1.2.3.16_69_0	1.3042227087179827","RPF"
"1.2.3.16_69_1	1.3042227087179827","RPF"
"1.2.3.16_69_2	3.036577338554247","TEI"
"1.2.3.16_6_0	1.0973112635190982","VAEQE"
"1.2.3.16_6_1	1.0973112635190982","VAEQE"
"1.2.3.16_6_10	1.0973112635190982","VAEQE"
"1.2.3.16_6_11	1.0973112635190982","VAEQE"
"1.2.3.16_6_12	1.0973112635190982","VAEQE"
"1.2.3.16_6_13	1.0973112635190982","VAEQE"
"1.2.3.16_6_14	1.0973112635190982","VAEQE"
"1.2.3.16_6_15	1.0973112635190982","VAEQE"
"1.2.3.16_6_16	1.0973112635190982","VAEQE"
"1.2.3.16_6_17	1.0973112635190982","VAEQE"
"1.2.3.16_6_18	1.0973112635190982","VAEQE"
"1.2.3.16_6_19	1.0973112635190982","VAEQE"
"1.2.3.16_6_2	1.0973112635190982","VAEQE"
"1.2.3.16_6_20	1.0973112635190982","VAEQE"
"1.2.3.16_6_21	1.0973112635190982","VAEQE"
"1.2.3.16_6_22	1.0973112635190982","VAEQE"
"1.2.3.16_6_23	1.0973112635190982","VAEQE"
"1.2.3.16_6_24	1.0973112635190982","VAEQE"
"1.2.3.16_6_25	1.0973112635190982","VAEQE"
"1.2.3.16_6_26	1.0973112635190982","VAEQE"
"1.2.3.16_6_27	1.0973112635190982","VAEQE"
"1.2.3.16_6_28	1.2204325788869836","RPF"
"1.2.3.16_6_29	1.2204325788869836","RPF"
"1.2.3.16_6_3	1.0973112635190982","VAEQE"
"1.2.3.16_6_30	1.2204325788869836","RPF"
"1.2.3.16_6_31	1.2204325788869836","RPF"
"1.2.3.16_6_32	1.2204325788869836","RPF"
"1.2.3.16_6_33	1.2204325788869836","RPF"
"1.2.3.16_6_34	1.416943391128457","QPF"
"1.2.3.16_6_35	1.416943391128457","QPF"
"1.2.3.16_6_36	1.5587911215252042","PL"
"1.2.3.16_6_37	1.9709549590417303","HAEQE"
"1.2.3.16_6_4	1.0973112635190982","VAEQE"
"1.2.3.16_6_5	1.0973112635190982","VAEQE"
"1.2.3.16_6_6	1.0973112635190982","VAEQE"
"1.2.3.16_6_7	1.0973112635190982","VAEQE"
"1.2.3.16_6_8	1.0973112635190982","VAEQE"
"1.2.3.16_6_9	1.0973112635190982","VAEQE"
"1.2.3.16_70_0	1.0973112635190982","VAEQE"
"1.2.3.16_70_1	1.0973112635190982","VAEQE"
"1.2.3.16_70_2	1.4347197208510165","TAEQE"
"1.2.3.16_70_3	2.016964698177185","PDEEGNPL"
"1.2.3.16_71_0	1.3042227087179827","RPF"
"1.2.3.16_71_1	1.3042227087179827","RPF"
"1.2.3.16_71_2	1.3042227087179827","RPF"
"1.2.3.16_72_0	1.0973112635190982","VAEQE"
"1.2.3.16_72_1	1.0973112635190982","VAEQE"
"1.2.3.16_72_2	1.2204325788869836","RPF"
"1.2.3.16_72_3	1.456971157143225","IL"
"1.2.3.16_73_0	1.1086920113729721","VAEQE"
"1.2.3.16_73_1	1.2477467009609804","RPF"
"1.2.3.16_73_2	1.7958016848680738","PAEQ"
"1.2.3.16_73_3	2.399150840170661","GDFF"
"1.2.3.16_74_0	1.3042227087179827","RPF"
"1.2.3.16_75_0	1.3042227087179827","RPF"
"1.2.3.16_75_1	1.3042227087179827","RPF"
"1.2.3.16_75_2	1.5041846902128513","IP"
"1.2.3.16_76_0	1.0421359349553387","VAEQE"
"1.2.3.16_76_1	1.0421359349553387","VAEQE"
"1.2.3.16_76_2	1.0421359349553387","VAEQE"
"1.2.3.16_76_3	1.0925733748067068","RPF"
"1.2.3.16_77_0	1.1086920113729721","VAEQE"
"1.2.3.16_77_1	1.2477467009609804","RPF"
"1.2.3.16_77_2	1.303732470137968","IAEQE"
"1.2.3.16_77_3	1.7403927829197365","PGPFH"
"1.2.3.16_78_0	1.0973112635190982","VAEQE"
"1.2.3.16_78_1	1.2696079706222443","IAEQE"
"1.2.3.16_78_2	1.7041624918384097","TVEQE"
"1.2.3.16_78_3	1.8546958551935093","GPW"
"1.2.3.16_79_0	1.0973112635190982","VAEQE"
"1.2.3.16_79_1	1.0973112635190982","VAEQE"
"1.2.3.16_79_2	1.0973112635190982","VAEQE"
"1.2.3.16_79_3	1.4417111683673083","AAE"
"1.2.3.16_7_0	1.0973112635190982","VAEQE"
"1.2.3.16_7_1	1.0973112635190982","VAEQE"
"1.2.3.16_7_10	1.0973112635190982","VAEQE"
"1.2.3.16_7_11	1.0973112635190982","VAEQE"
"1.2.3.16_7_12	1.0973112635190982","VAEQE"
"1.2.3.16_7_13	1.0973112635190982","VAEQE"
"1.2.3.16_7_14	1.0973112635190982","VAEQE"
"1.2.3.16_7_15	1.0973112635190982","VAEQE"
"1.2.3.16_7_16	1.0973112635190982","VAEQE"
"1.2.3.16_7_17	1.0973112635190982","VAEQE"
"1.2.3.16_7_18	1.0973112635190982","VAEQE"
"1.2.3.16_7_19	1.0973112635190982","VAEQE"
"1.2.3.16_7_2	1.0973112635190982","VAEQE"
"1.2.3.16_7_20	1.0973112635190982","VAEQE"
"1.2.3.16_7_21	1.0973112635190982","VAEQE"
"1.2.3.16_7_22	1.0973112635190982","VAEQE"
"1.2.3.16_7_23	1.0973112635190982","VAEQE"
"1.2.3.16_7_24	1.2204325788869836","RPF"
"1.2.3.16_7_25	1.2204325788869836","RPF"
"1.2.3.16_7_26	1.2204325788869836","RPF"
"1.2.3.16_7_27	1.2696079706222443","IAEQE"
"1.2.3.16_7_28	1.2696079706222443","IAEQE"
"1.2.3.16_7_29	1.2696079706222443","IAEQE"
"1.2.3.16_7_3	1.0973112635190982","VAEQE"
"1.2.3.16_7_30	1.3582376949664001","IP"
"1.2.3.16_7_31	1.4172359360913687","GGLGG"
"1.2.3.16_7_32	1.444458171185877","GPPGGFF"
"1.2.3.16_7_33	1.4487068082029226","LAEQE"
"1.2.3.16_7_34	1.4658448641660895","LP"
"1.2.3.16_7_35	1.7495063843476448","RGPPFFIV"
"1.2.3.16_7_36	1.761902112922366","HALPQE"
"1.2.3.16_7_37	1.8837658524213754","SEE"
"1.2.3.16_7_38	2.9534351492547932","YDQSVPLA"
"1.2.3.16_7_4	1.0973112635190982","VAEQE"
"1.2.3.16_7_5	1.0973112635190982","VAEQE"
"1.2.3.16_7_6	1.0973112635190982","VAEQE"
"1.2.3.16_7_7	1.0973112635190982","VAEQE"
"1.2.3.16_7_8	1.0973112635190982","VAEQE"
"1.2.3.16_7_9	1.0973112635190982","VAEQE"
"1.2.3.16_80_0	1.1154416263529163","VAEQE"
"1.2.3.16_80_1	1.1154416263529163","VAEQE"
"1.2.3.16_80_2	1.1154416263529163","VAEQE"
"1.2.3.16_80_3	1.8996262829348647","TAEQ"
"1.2.3.16_81_0	1.1154416263529163","VAEQE"
"1.2.3.16_81_1	1.1154416263529163","VAEQE"
"1.2.3.16_81_2	1.1154416263529163","VAEQE"
"1.2.3.16_81_3	1.1154416263529163","VAEQE"
"1.2.3.16_82_0	1.077119469730685","VAEQE"
"1.2.3.16_82_1	1.077119469730685","VAEQE"
"1.2.3.16_82_2	1.077119469730685","VAEQE"
"1.2.3.16_82_3	1.1727650873597826","RPF"
"1.2.3.16_83_0	1.3042227087179827","RPF"
"1.2.3.16_83_1	1.3042227087179827","RPF"
"1.2.3.16_84_0	1.1086920113729721","VAEQE"
"1.2.3.16_84_1	1.1086920113729721","VAEQE"
"1.2.3.16_84_2	1.1086920113729721","VAEQE"
"1.2.3.16_84_3	1.303732470137968","IAEQE"
"1.2.3.16_85_0	1.0973112635190982","VAEQE"
"1.2.3.16_85_1	1.0973112635190982","VAEQE"
"1.2.3.16_85_2	1.0973112635190982","VAEQE"
"1.2.3.16_85_3	1.4361625442312838","HPF"
"1.2.3.16_86_0	1.0973112635190982","VAEQE"
"1.2.3.16_86_1	1.0973112635190982","VAEQE"
"1.2.3.16_87_0	1.3042227087179827","RPF"
"1.2.3.16_87_1	1.651712809183505","IL"
"1.2.3.16_88_0	1.1154416263529163","VAEQE"
"1.2.3.16_88_1	1.7693741583761062","AAEQ"
"1.2.3.16_88_2	2.0665239138928997","TLPQVF"
"1.2.3.16_88_3	2.6646071702938294","TEI"
"1.2.3.16_89_0	1.1086920113729721","VAEQE"
"1.2.3.16_89_1	1.4303926523958777","IA"
"1.2.3.16_89_2	1.4951014779059202","HPF"
"1.2.3.16_89_3	1.942394123692362","IDEV"
"1.2.3.16_8_0	1.2204325788869836","RPF"
"1.2.3.16_8_1	1.3423780206989646","RGPPGGGFF"
"1.2.3.16_8_2	1.5522447722491801","VAEQ"
"1.2.3.16_91_0	1.2204325788869836","RPF"
"1.2.3.16_91_1	1.5542639210699993","APF"
"1.2.3.16_91_2	1.5567696638429478","TDEQ"
"1.2.3.16_92_0	1.5862191667015708","TPF"
"1.2.3.16_93_0	1.3042227087179827","RPF"
"1.2.3.16_93_1	1.5235280082929235","LPF"
"1.2.3.16_93_2	1.6286867972867178","AAE"
"1.2.3.16_94_0	1.620335655405745","HPF"
"1.2.3.16_95_0	1.3042227087179827","RPF"
"1.2.3.16_95_1	2.9292833843873836","LGAA"
"1.2.3.16_96_0	1.5914880136252392","QPF"
"1.2.3.16_96_1	2.4626575311821695","GPPG"
"1.2.3.16_97_0	1.0973112635190982","VAEQE"
"1.2.3.16_97_1	1.0973112635190982","VAEQE"
"1.2.3.16_97_2	1.2696079706222443","IAEQE"
"1.2.3.16_97_3	1.7667509219180462","IAQQ"
"1.2.3.16_98_0	1.3042227087179827","RPF"
"1.2.3.16_99_0	1.8035467049997795","VL"
